Top pages,Clicks,Impressions,CTR,Position
https://www.benstrawbridge.com/projects/hiking/westchester-playa-vista-playa-del-rey-hiking-guide/bluff-creek-trail/,76,4927,1.54%,6.96
https://www.benstrawbridge.com/projects/hiking/westchester-playa-vista-playa-del-rey-hiking-guide/,13,1428,0.91%,9.5
https://www.benstrawbridge.com/posts/style-the-rss-xml-feed-with-xslt/,10,688,1.45%,30.88
https://www.benstrawbridge.com/fineprint/amazon-affiliate-disclosure/,9,719,1.25%,29.54
https://www.benstrawbridge.com/,9,420,2.14%,7.16
https://www.benstrawbridge.com/projects/recipes/smoothies/golden-beet-apple-mango-banana-smoothie/,3,578,0.52%,7.31
https://www.benstrawbridge.com/posts/pick-a-squares-game/,3,345,0.87%,8.57
https://www.benstrawbridge.com/projects/recipes/tarragon-beets-salad/,3,84,3.57%,7.61
https://www.benstrawbridge.com/musical-genres/gbvfi/,2,1460,0.14%,7.52
https://www.benstrawbridge.com/musical-genres/urbano-latino/,2,686,0.29%,22.76
https://www.benstrawbridge.com/musical-genres/crank-wave/,2,570,0.35%,13.36
https://www.benstrawbridge.com/musical-genres/contemporary-post-bop/,2,347,0.58%,19.93
https://www.benstrawbridge.com/projects/content-adaptors/spotify/valentin-silvestrov/,2,116,1.72%,13.91
https://www.benstrawbridge.com/posts/hugo-deploy-script/,2,91,2.2%,7.93
https://www.benstrawbridge.com/musical-genres/country-rock/,2,53,3.77%,34.25
https://www.benstrawbridge.com/projects/content-adaptors/spotify/biffpowbang/,2,24,8.33%,9.25
https://www.benstrawbridge.com/musical-genres/experimental-rock/,1,727,0.14%,36.24
https://www.benstrawbridge.com/projects/content-adaptors/spotify/sat-chit/,1,656,0.15%,8.14
https://www.benstrawbridge.com/musical-genres/adult-standards/,1,642,0.16%,11.9
https://www.benstrawbridge.com/musical-genres/slacker-rock/,1,559,0.18%,19.14
https://www.benstrawbridge.com/musical-genres/hard-bop/,1,447,0.22%,58.87
https://www.benstrawbridge.com/musical-genres/mellow-gold/,1,413,0.24%,11.75
https://www.benstrawbridge.com/musical-genres/psychedelic-soul/,1,367,0.27%,39.01
https://www.benstrawbridge.com/musical-genres/avant-garde-jazz/,1,328,0.3%,46.94
https://www.benstrawbridge.com/posts/beads-and-gas-town-coding-agent-evolution/,1,306,0.33%,7.69
https://www.benstrawbridge.com/projects/hiking/westchester-playa-vista-playa-del-rey-hiking-guide/bluff-trail/,1,217,0.46%,14.18
https://www.benstrawbridge.com/musical-genres/indie-jazz/,1,208,0.48%,16.91
https://www.benstrawbridge.com/musical-genres/experimental-indie-rock/,1,189,0.53%,9.13
https://www.benstrawbridge.com/musical-genres/abstract-hip-hop/,1,166,0.6%,36.07
https://www.benstrawbridge.com/musical-genres/jazz-boom-bap/,1,157,0.64%,10.15
https://www.benstrawbridge.com/musical-genres/post-hardcore/,1,120,0.83%,17.75
https://www.benstrawbridge.com/musical-genres/experimental-indie-rock,1,88,1.14%,4.19
https://www.benstrawbridge.com/tags/disclosure/,1,69,1.45%,8.64
https://www.benstrawbridge.com/musical-genres/ecm-style-jazz/,1,68,1.47%,15.41
https://www.benstrawbridge.com/projects/hiking/westchester-playa-vista-playa-del-rey-hiking-guide/jet-pets/,1,65,1.54%,10.42
https://www.benstrawbridge.com/projects/,1,64,1.56%,4.14
https://www.benstrawbridge.com/musical-genres/dub/,1,49,2.04%,66.43
https://www.benstrawbridge.com/musical-genres/experimental/,1,40,2.5%,43.55
https://www.benstrawbridge.com/everything-everywhere/,1,39,2.56%,27.59
https://www.benstrawbridge.com/musical-genres/japanese-beats/,1,29,3.45%,9.66
https://www.benstrawbridge.com/musical-genres/victorian-britain,1,28,3.57%,8.46
https://www.benstrawbridge.com/musical-genres/hip-hop/,1,28,3.57%,40.11
https://www.benstrawbridge.com/fineprint/spotify-data-use-disclosure/,1,21,4.76%,3.9
https://www.benstrawbridge.com/projects/content-adaptors/spotify/peter-breiner/,1,21,4.76%,11.43
https://www.benstrawbridge.com/projects/recipes/granola/original-granola/,1,19,5.26%,8.42
https://www.benstrawbridge.com/projects/the-ryder-theme-for-hugo/,1,10,10%,3.6
https://www.benstrawbridge.com/everything-everywhere/page/7/,1,9,11.11%,7
https://www.benstrawbridge.com/projects/content-adaptors/spotify/ike-quebec/,1,8,12.5%,8
https://www.benstrawbridge.com/projects/content-adaptors/spotify/hampton-hawes-trio/,1,7,14.29%,7.86
https://www.benstrawbridge.com/musical-genres/canadian-classical-piano/,1,6,16.67%,15.67
https://www.benstrawbridge.com/projects/content-adaptors/spotify/brigitte-fontaine/,1,5,20%,4.6
https://www.benstrawbridge.com/links/css/,1,4,25%,5
https://www.benstrawbridge.com/projects/content-adaptors/spotify/benjamin-frith/,1,3,33.33%,7.33
https://www.benstrawbridge.com/musical-genres/modern-alternative-rock/,1,2,50%,11.5
https://www.benstrawbridge.com/musical-genres/modern-dream-pop,1,1,100%,10
https://www.benstrawbridge.com/musical-genres/west-coast-rap/,0,834,0%,30.37
https://www.benstrawbridge.com/musical-genres/permanent-wave/,0,713,0%,17.83
https://www.benstrawbridge.com/posts/github-action-to-create-new-content-in-hugo/,0,571,0%,8.63
https://www.benstrawbridge.com/musical-genres/chamber-pop/,0,560,0%,32.59
https://www.benstrawbridge.com/musical-genres/no-wave/,0,526,0%,41.68
https://www.benstrawbridge.com/musical-genres/roots-rock/,0,515,0%,36.76
https://www.benstrawbridge.com/musical-genres/bebop/,0,507,0%,54.91
https://www.benstrawbridge.com/musical-genres/jazz-quartet/,0,446,0%,51.23
https://www.benstrawbridge.com/musical-genres/experimental-pop,0,427,0%,12.11
https://www.benstrawbridge.com/musical-genres/metropopolis/,0,393,0%,11.12
https://www.benstrawbridge.com/musical-genres/alternative-hip-hop/,0,373,0%,39.62
https://www.benstrawbridge.com/musical-genres/east-coast-hip-hop/,0,371,0%,43.56
https://www.benstrawbridge.com/musical-genres/,0,368,0%,12.02
https://www.benstrawbridge.com/musical-genres/art-punk/,0,328,0%,23.23
https://www.benstrawbridge.com/musical-genres/hardcore-hip-hop/,0,312,0%,52.25
https://www.benstrawbridge.com/musical-genres/hypnagogic-pop/,0,294,0%,22.6
https://www.benstrawbridge.com/musical-genres/jazz-fusion/,0,291,0%,52.03
https://www.benstrawbridge.com/musical-genres/melancholia/,0,249,0%,11.88
https://www.benstrawbridge.com/projects/content-adaptors/spotify/milo-j/,0,225,0%,9.3
https://www.benstrawbridge.com/projects/hiking/westchester-playa-vista-playa-del-rey-hiking-guide/del-rey-lagoon/,0,222,0%,12.9
https://www.benstrawbridge.com/musical-genres/motown/,0,219,0%,54.04
https://www.benstrawbridge.com/musical-genres/noise-rock/,0,217,0%,47.01
https://www.benstrawbridge.com/musical-genres/memphis-soul/,0,214,0%,39.79
https://www.benstrawbridge.com/musical-genres/jazz-trio/,0,203,0%,60.56
https://www.benstrawbridge.com/musical-genres/trap-latino/,0,195,0%,8.27
https://www.benstrawbridge.com/musical-genres/neo-mellow/,0,183,0%,10.45
https://www.benstrawbridge.com/musical-genres/hyphy/,0,163,0%,50.04
https://www.benstrawbridge.com/musical-genres/anti-folk/,0,155,0%,36.95
https://www.benstrawbridge.com/musical-genres/instrumental-funk/,0,153,0%,12.34
https://www.benstrawbridge.com/musical-genres/jazzcore/,0,151,0%,18.46
https://www.benstrawbridge.com/musical-genres/conscious-hip-hop/,0,149,0%,57.3
https://www.benstrawbridge.com/links/,0,141,0%,41.64
https://www.benstrawbridge.com/musical-genres/soft-rock/,0,135,0%,36.75
https://www.benstrawbridge.com/musical-genres/post-disco/,0,131,0%,28.73
https://www.benstrawbridge.com/musical-genres/blues-rock/,0,123,0%,16.64
https://www.benstrawbridge.com/musical-genres/cool-jazz/,0,115,0%,52.03
https://www.benstrawbridge.com/musical-genres/golden-age-hip-hop/,0,106,0%,25.58
https://www.benstrawbridge.com/musical-genres/totalism/,0,104,0%,14.49
https://www.benstrawbridge.com/projects/content-adaptors/spotify/janos-sebestyen/,0,102,0%,7.61
https://www.benstrawbridge.com/musical-genres/jazz-rap/,0,102,0%,51.95
https://www.benstrawbridge.com/musical-genres/alternative-rock/,0,97,0%,51.85
https://www.benstrawbridge.com/musical-genres/free-jazz/,0,94,0%,59.09
https://www.benstrawbridge.com/consulting/,0,89,0%,4.61
https://www.benstrawbridge.com/musical-genres/post-disco,0,89,0%,17.08
https://www.benstrawbridge.com/musical-genres/supergroup,0,88,0%,6.95
https://www.benstrawbridge.com/musical-genres/album-rock/,0,78,0%,32.09
https://www.benstrawbridge.com/musical-genres/post-punk/,0,76,0%,35.79
https://www.benstrawbridge.com/musical-genres/lo-fi/,0,74,0%,32.22
https://www.benstrawbridge.com/musical-genres/jazz-funk/,0,74,0%,51.66
https://www.benstrawbridge.com/musical-genres/noise-pop/,0,73,0%,25.81
https://www.benstrawbridge.com/musical-genres/reggaeton/,0,72,0%,32.6
https://www.benstrawbridge.com/musical-genres/supergroup/,0,69,0%,8.12
https://www.benstrawbridge.com/musical-genres/indietronica/,0,69,0%,33.2
https://www.benstrawbridge.com/musical-genres/tape-club/,0,68,0%,10.01
https://www.benstrawbridge.com/musical-genres/ocean/,0,67,0%,10.49
https://www.benstrawbridge.com/musical-genres/cali-rap/,0,67,0%,21.1
https://www.benstrawbridge.com/musical-genres/british-alternative-rock/,0,67,0%,41.42
https://www.benstrawbridge.com/musical-genres/indie-soul,0,66,0%,23.42
https://www.benstrawbridge.com/musical-genres/swamp-rock/,0,63,0%,20.1
https://www.benstrawbridge.com/musical-genres/rocksteady/,0,63,0%,57.95
https://www.benstrawbridge.com/musical-genres/swamp-blues/,0,61,0%,23.57
https://www.benstrawbridge.com/musical-genres/abstract-beats/,0,60,0%,15.77
https://www.benstrawbridge.com/musical-genres/shoegaze/,0,60,0%,32.35
https://www.benstrawbridge.com/projects/content-adaptors/spotify/de-la-soul/,0,59,0%,27.56
https://www.benstrawbridge.com/musical-genres/classical-era/,0,58,0%,67.31
https://www.benstrawbridge.com/tags/photography/,0,56,0%,9.32
https://www.benstrawbridge.com/projects/content-adaptors/spotify/bizarrap/,0,56,0%,11.54
https://www.benstrawbridge.com/musical-genres/experimental-pop/,0,54,0%,8.39
https://www.benstrawbridge.com/musical-genres/psychedelic-rock/,0,54,0%,22.76
https://www.benstrawbridge.com/musical-genres/gangster-rap/,0,54,0%,24.11
https://www.benstrawbridge.com/projects/hiking/westchester-playa-vista-playa-del-rey-hiking-guide/oberrieder-dog-park/,0,53,0%,6.94
https://www.benstrawbridge.com/projects/content-adaptors/spotify/gillian-welch/,0,52,0%,15.87
https://www.benstrawbridge.com/musical-genres/uk-post-punk/,0,51,0%,21.53
https://www.benstrawbridge.com/musical-genres/reggae/,0,50,0%,4.78
https://www.benstrawbridge.com/projects/recipes/granola/lemon-chia-granola/,0,49,0%,5.92
https://www.benstrawbridge.com/projects/content-adaptors/spotify/thes-one/,0,49,0%,11.24
https://www.benstrawbridge.com/musical-genres/old-school-hip-hop/,0,45,0%,7.22
https://www.benstrawbridge.com/musical-genres/brill-building-pop/,0,45,0%,17.71
https://www.benstrawbridge.com/musical-genres/grave-wave/,0,44,0%,7.98
https://www.benstrawbridge.com/musical-genres/jazz-quartet,0,43,0%,41.67
https://www.benstrawbridge.com/musical-genres/new-americana/,0,42,0%,36.57
https://www.benstrawbridge.com/musical-genres/late-romantic-era/,0,42,0%,45.55
https://www.benstrawbridge.com/musical-genres/math-rock/,0,41,0%,18.71
https://www.benstrawbridge.com/musical-genres/chicago-soul/,0,41,0%,60.63
https://www.benstrawbridge.com/musical-genres/outsider/,0,39,0%,9.21
https://www.benstrawbridge.com/musical-genres/miami-indie/,0,39,0%,9.62
https://www.benstrawbridge.com/projects/content-adaptors/spotify/blackalicious/,0,38,0%,8.32
https://www.benstrawbridge.com/musical-genres/canadian-singer-songwriter/,0,38,0%,41.84
https://www.benstrawbridge.com/page/3/,0,37,0%,6.78
https://www.benstrawbridge.com/musical-genres/roots-reggae/,0,37,0%,24.24
https://www.benstrawbridge.com/musical-genres/laboratorio/,0,36,0%,10.03
https://www.benstrawbridge.com/musical-genres/minimal-techno/,0,35,0%,29.26
https://www.benstrawbridge.com/posts/,0,34,0%,4.41
https://www.benstrawbridge.com/musical-genres/jazz-trumpet/,0,34,0%,24.5
https://www.benstrawbridge.com/musical-genres/bristol-indie/,0,33,0%,12.39
https://www.benstrawbridge.com/musical-genres/harmonica-blues/,0,32,0%,23.12
https://www.benstrawbridge.com/musical-genres/classic-soul/,0,31,0%,21.68
https://www.benstrawbridge.com/musical-genres/electric-blues/,0,31,0%,25.94
https://www.benstrawbridge.com/page/2/,0,30,0%,9.77
https://www.benstrawbridge.com/musical-genres/ocean,0,29,0%,9.86
https://www.benstrawbridge.com/musical-genres/drone-folk/,0,29,0%,15.86
https://www.benstrawbridge.com/musical-genres/soul-jazz/,0,29,0%,42.03
https://www.benstrawbridge.com/projects/content-adaptors/spotify/artifakts/,0,28,0%,8.43
https://www.benstrawbridge.com/musical-genres/zolo/,0,28,0%,9
https://www.benstrawbridge.com/musical-genres/folk-rock/,0,28,0%,25.71
https://www.benstrawbridge.com/musical-genres/slowcore/,0,28,0%,26.25
https://www.benstrawbridge.com/musical-genres/instrumental-soul/,0,27,0%,19.59
https://www.benstrawbridge.com/musical-genres/microhouse,0,27,0%,24.33
https://www.benstrawbridge.com/musical-genres/vocal-jazz/,0,27,0%,48.67
https://www.benstrawbridge.com/musical-genres/british-folk/,0,26,0%,11.62
https://www.benstrawbridge.com/musical-genres/brass-band/,0,26,0%,11.88
https://www.benstrawbridge.com/musical-genres/balkan-classical-piano/,0,26,0%,12.54
https://www.benstrawbridge.com/projects/content-adaptors/spotify/butthole-surfers/,0,26,0%,16.88
https://www.benstrawbridge.com/projects/content-adaptors/spotify/deltron-3030/,0,26,0%,17.46
https://www.benstrawbridge.com/projects/content-adaptors/spotify/beastie-boys/,0,26,0%,18.12
https://www.benstrawbridge.com/musical-genres/outsider,0,25,0%,6.96
https://www.benstrawbridge.com/page/5/,0,25,0%,9.72
https://www.benstrawbridge.com/musical-genres/british-invasion/,0,25,0%,15.2
https://www.benstrawbridge.com/musical-genres/motown,0,25,0%,18.12
https://www.benstrawbridge.com/musical-genres/harlem-hip-hop/,0,25,0%,22.56
https://www.benstrawbridge.com/musical-genres/slowcore,0,25,0%,44.64
https://www.benstrawbridge.com/musical-genres/float-house/,0,24,0%,9
https://www.benstrawbridge.com/musical-genres/downtempo-bass/,0,24,0%,24.25
https://www.benstrawbridge.com/musical-genres/swamp-rock,0,24,0%,25
https://www.benstrawbridge.com/projects/content-adaptors/spotify/eric-b.--rakim/,0,23,0%,10.57
https://www.benstrawbridge.com/musical-genres/slam-poetry/,0,23,0%,10.91
https://www.benstrawbridge.com/musical-genres/grunge/,0,23,0%,35.48
https://www.benstrawbridge.com/projects/content-adaptors/spotify/idris-muhammad/,0,22,0%,8.23
https://www.benstrawbridge.com/musical-genres/atl-hip-hop,0,22,0%,9.68
https://www.benstrawbridge.com/musical-genres/psychedelic-punk/,0,22,0%,10.68
https://www.benstrawbridge.com/musical-genres/compositional-ambient/,0,22,0%,11.91
https://www.benstrawbridge.com/tags/hugo/,0,22,0%,15.23
https://www.benstrawbridge.com/musical-genres/ska/,0,22,0%,48
https://www.benstrawbridge.com/musical-genres/alternative-country/,0,22,0%,63
https://www.benstrawbridge.com/musical-genres/spytrack/,0,21,0%,8.71
https://www.benstrawbridge.com/projects/recipes/moms-family-recipes-cookbook/grandmas-meatloaf/,0,21,0%,8.76
https://www.benstrawbridge.com/projects/content-adaptors/spotify/bad-bunny/,0,21,0%,9.14
https://www.benstrawbridge.com/musical-genres/oakland-hip-hop/,0,21,0%,11.86
https://www.benstrawbridge.com/musical-genres/pov-indie/,0,21,0%,15.1
https://www.benstrawbridge.com/musical-genres/indie-rock/,0,21,0%,24.86
https://www.benstrawbridge.com/projects/content-adaptors/spotify/franz-schubert/,0,20,0%,5.55
https://www.benstrawbridge.com/musical-genres/dance-rock/,0,20,0%,9.65
https://www.benstrawbridge.com/projects/content-adaptors/spotify/fairport-convention/,0,20,0%,18.5
https://www.benstrawbridge.com/projects/content-adaptors/spotify/evgeny-kissin/,0,19,0%,5.95
https://www.benstrawbridge.com/musical-genres/reggae-fusion/,0,19,0%,6.84
https://www.benstrawbridge.com/links/the-web/,0,19,0%,8.16
https://www.benstrawbridge.com/posts/pines-image-gallery-with-hugo/,0,19,0%,8.16
https://www.benstrawbridge.com/projects/content-adaptors/spotify/bud-powell-trio/,0,19,0%,23.11
https://www.benstrawbridge.com/musical-genres/jazz-blues/,0,19,0%,42.84
https://www.benstrawbridge.com/projects/content-adaptors/spotify/ann-peebles/,0,18,0%,8.28
https://www.benstrawbridge.com/projects/content-adaptors/spotify/erick-sermon/,0,18,0%,16.5
https://www.benstrawbridge.com/musical-genres/early-romantic-era/,0,18,0%,45.83
https://www.benstrawbridge.com/musical-genres/indian-fusion/,0,17,0%,9
https://www.benstrawbridge.com/musical-genres/psychedelic-hip-hop/,0,17,0%,13
https://www.benstrawbridge.com/musical-genres/sunshine-pop/,0,17,0%,14.88
https://www.benstrawbridge.com/musical-genres/chicago-hardcore/,0,17,0%,23.06
https://www.benstrawbridge.com/musical-genres/garage-rock/,0,17,0%,25.59
https://www.benstrawbridge.com/musical-genres/victorian-britain/,0,17,0%,40.76
https://www.benstrawbridge.com/projects/content-adaptors/,0,16,0%,4.88
https://www.benstrawbridge.com/musical-genres/traditional-blues/,0,16,0%,5.81
https://www.benstrawbridge.com/musical-genres/hammond-organ/,0,16,0%,6.44
https://www.benstrawbridge.com/musical-genres/ambient-folk/,0,16,0%,9.5
https://www.benstrawbridge.com/musical-genres/cowpunk/,0,16,0%,11.94
https://www.benstrawbridge.com/musical-genres/new-weird-america/,0,16,0%,15.25
https://www.benstrawbridge.com/projects/content-adaptors/spotify/ali-farka-touré/,0,16,0%,18.06
https://www.benstrawbridge.com/musical-genres/punk/,0,16,0%,38.88
https://www.benstrawbridge.com/musical-genres/orchestra/,0,16,0%,40.75
https://www.benstrawbridge.com/musical-genres/dance-punk/,0,16,0%,61.25
https://www.benstrawbridge.com/page/4/,0,15,0%,6.8
https://www.benstrawbridge.com/musical-genres/indian-fusion,0,15,0%,7.67
https://www.benstrawbridge.com/projects/content-adaptors/spotify/brand-nubian/,0,15,0%,9.73
https://www.benstrawbridge.com/musical-genres/free-improvisation/,0,15,0%,12.6
https://www.benstrawbridge.com/projects/content-adaptors/spotify/alex-smoke/,0,15,0%,15.8
https://www.benstrawbridge.com/musical-genres/melodic-rap/,0,15,0%,19.47
https://www.benstrawbridge.com/projects/content-adaptors/spotify/gerry-mulligan-sextet/,0,15,0%,21.47
https://www.benstrawbridge.com/tags/recipe-schema/,0,15,0%,21.6
https://www.benstrawbridge.com/posts/recipe-template-for-ryder-theme/,0,14,0%,5.43
https://www.benstrawbridge.com/musical-genres/detroit-indie,0,14,0%,7.07
https://www.benstrawbridge.com/musical-genres/miami-indie,0,14,0%,7.79
https://www.benstrawbridge.com/musical-genres/melancholia,0,14,0%,8.57
https://www.benstrawbridge.com/musical-genres/detroit-hip-hop,0,14,0%,8.71
https://www.benstrawbridge.com/musical-genres/malian-blues/,0,14,0%,12.14
https://www.benstrawbridge.com/musical-genres/louisiana-blues/,0,14,0%,36.71
https://www.benstrawbridge.com/musical-genres/water/,0,13,0%,6.69
https://www.benstrawbridge.com/musical-genres/collage-pop/,0,13,0%,6.92
https://www.benstrawbridge.com/projects/content-adaptors/spotify/funkadelic/,0,13,0%,9.38
https://www.benstrawbridge.com/musical-genres/stomp-and-holler/,0,13,0%,10.69
https://www.benstrawbridge.com/musical-genres/argentine-hip-hop,0,13,0%,12.62
https://www.benstrawbridge.com/projects/content-adaptors/spotify/gerald-peregrine/,0,13,0%,18.92
https://www.benstrawbridge.com/musical-genres/microtonal/,0,13,0%,20.38
https://www.benstrawbridge.com/musical-genres/jam-band/,0,13,0%,35.46
https://www.benstrawbridge.com/musical-genres/jazz-piano/,0,13,0%,46.54
https://rt2026.benstrawbridge.com/,0,12,0%,7.75
https://www.benstrawbridge.com/tags/healthy/,0,12,0%,9.25
https://www.benstrawbridge.com/musical-genres/classical/,0,12,0%,10.5
https://www.benstrawbridge.com/tags/amazon-associates-program/,0,12,0%,11.25
https://www.benstrawbridge.com/musical-genres/girl-group/,0,12,0%,11.58
https://www.benstrawbridge.com/musical-genres/chicago-blues/,0,12,0%,11.92
https://www.benstrawbridge.com/musical-genres/pop-venezolano/,0,12,0%,13.5
https://www.benstrawbridge.com/musical-genres/jazz-organ/,0,12,0%,16.17
https://www.benstrawbridge.com/projects/content-adaptors/spotify/charlie-parker-quartet/,0,12,0%,16.58
https://www.benstrawbridge.com/links/machine-learning-and-artificial-intelligence/,0,12,0%,18.42
https://www.benstrawbridge.com/projects/content-adaptors/spotify/gil-evans/,0,12,0%,21
https://www.benstrawbridge.com/musical-genres/chicago-rap/,0,12,0%,32.17
https://www.benstrawbridge.com/musical-genres/boston-rock/,0,11,0%,8.91
https://www.benstrawbridge.com/musical-genres/brooklyn-indie/,0,11,0%,8.91
https://www.benstrawbridge.com/projects/content-adaptors/spotify/tommy-flanagan/,0,11,0%,9.36
https://www.benstrawbridge.com/projects/content-adaptors/books/the-hunchback-of-notre-dame/,0,11,0%,10.18
https://www.benstrawbridge.com/projects/hiking/westchester-playa-vista-playa-del-rey-hiking-guide/ballona-wetlands/,0,11,0%,10.91
https://www.benstrawbridge.com/tags/ryder-theme/,0,11,0%,11.18
https://www.benstrawbridge.com/musical-genres/quiet-storm/,0,11,0%,16.64
https://www.benstrawbridge.com/musical-genres/ska-mexicano/,0,11,0%,17.27
https://www.benstrawbridge.com/musical-genres/jazz-drums/,0,11,0%,18.73
https://www.benstrawbridge.com/musical-genres/experimental-indie/,0,11,0%,24.27
https://www.benstrawbridge.com/projects/content-adaptors/spotify/ottorino-respighi/,0,11,0%,29.73
https://www.benstrawbridge.com/musical-genres/experimental-ambient/,0,11,0%,39.36
https://www.benstrawbridge.com/musical-genres/brooklyn-indie,0,10,0%,9.5
https://www.benstrawbridge.com/projects/content-adaptors/spotify/scott-st.-john/,0,10,0%,11.1
https://www.benstrawbridge.com/musical-genres/olympia-wa-indie/,0,10,0%,11.8
https://www.benstrawbridge.com/musical-genres/collage-pop,0,10,0%,12.4
https://www.benstrawbridge.com/projects/content-adaptors/spotify/howard-shelley/,0,10,0%,14.6
https://www.benstrawbridge.com/musical-genres/harlem-renaissance/,0,10,0%,16.5
https://www.benstrawbridge.com/posts/tag-cloud/,0,10,0%,28.7
https://www.benstrawbridge.com/musical-genres/jazz-guitar/,0,10,0%,29.1
https://www.benstrawbridge.com/musical-genres/rap/,0,9,0%,1.89
https://www.benstrawbridge.com/tags/automation/,0,9,0%,5.89
https://www.benstrawbridge.com/projects/recipes/moms-family-recipes-cookbook/creamed-corn/,0,9,0%,7.11
https://www.benstrawbridge.com/musical-genres/synthpop/,0,9,0%,7.33
https://www.benstrawbridge.com/projects/content-adaptors/spotify/donovan/,0,9,0%,7.67
https://www.benstrawbridge.com/projects/content-adaptors/spotify/handsome-boy-modeling-school/,0,9,0%,9.44
https://www.benstrawbridge.com/musical-genres/bboy,0,9,0%,10.67
https://www.benstrawbridge.com/musical-genres/denton-tx-indie/,0,9,0%,10.67
https://www.benstrawbridge.com/musical-genres/east-coast-reggae/,0,9,0%,10.89
https://www.benstrawbridge.com/projects/content-adaptors/spotify/liars/,0,9,0%,16.56
https://www.benstrawbridge.com/musical-genres/funk/,0,9,0%,24.56
https://www.benstrawbridge.com/musical-genres/turkish-classical-performance/,0,9,0%,60.44
https://www.benstrawbridge.com/musical-genres/modern-old-time/,0,8,0%,6.62
https://www.benstrawbridge.com/musical-genres/ethio-jazz/,0,8,0%,7.12
https://www.benstrawbridge.com/musical-genres/solo-wave/,0,8,0%,7.25
https://www.benstrawbridge.com/musical-genres/oakland-hip-hop,0,8,0%,7.62
https://www.benstrawbridge.com/musical-genres/cali-rap,0,8,0%,8.12
https://www.benstrawbridge.com/musical-genres/new-orleans-americana/,0,8,0%,8.12
https://www.benstrawbridge.com/musical-genres/detroit-rock/,0,8,0%,9.12
https://www.benstrawbridge.com/projects/content-adaptors/spotify/alice-sara-ott/,0,8,0%,9.25
https://www.benstrawbridge.com/musical-genres/fourth-world/,0,8,0%,15.62
https://www.benstrawbridge.com/projects/content-adaptors/spotify/j.-rawls/,0,8,0%,21
https://www.benstrawbridge.com/musical-genres/nashville-singer-songwriter/,0,8,0%,33.62
https://www.benstrawbridge.com/musical-genres/rock/,0,7,0%,2
https://www.benstrawbridge.com/projects/screenshot-a-day/,0,7,0%,4.14
https://www.benstrawbridge.com/projects/content-adaptors/spotify/claude-debussy/,0,7,0%,5.14
https://www.benstrawbridge.com/tags/api-integration/,0,7,0%,6
https://www.benstrawbridge.com/musical-genres/detroit-hip-hop/,0,7,0%,6.29
https://www.benstrawbridge.com/projects/content-adaptors/spotify/tommy-flanagan-trio/,0,7,0%,7
https://www.benstrawbridge.com/musical-genres/math-rock,0,7,0%,7.57
https://www.benstrawbridge.com/projects/content-adaptors/spotify/kenny-drew/,0,7,0%,8.29
https://www.benstrawbridge.com/musical-genres/indie-jazz,0,7,0%,9.29
https://www.benstrawbridge.com/musical-genres/neo-rb/,0,7,0%,9.29
https://www.benstrawbridge.com/musical-genres/dance-rock,0,7,0%,9.71
https://www.benstrawbridge.com/musical-genres/asian-american-hip-hop,0,7,0%,10.71
https://www.benstrawbridge.com/musical-genres/acoustic-punk/,0,7,0%,11.29
https://www.benstrawbridge.com/musical-genres/political-hip-hop/,0,7,0%,13.29
https://www.benstrawbridge.com/projects/content-adaptors/spotify/horace-silver/,0,7,0%,14.43
https://www.benstrawbridge.com/musical-genres/philly-indie,0,7,0%,15
https://www.benstrawbridge.com/musical-genres/jazz-guitar-trio/,0,7,0%,16.86
https://www.benstrawbridge.com/projects/content-adaptors/spotify/bobby-timmons/,0,7,0%,16.86
https://www.benstrawbridge.com/projects/content-adaptors/spotify/beck/,0,7,0%,22.86
https://www.benstrawbridge.com/musical-genres/southern-soul/,0,7,0%,25
https://www.benstrawbridge.com/projects/content-adaptors/spotify/patrick-gallois/,0,7,0%,32.43
https://www.benstrawbridge.com/musical-genres/british-blues,0,7,0%,38.14
https://www.benstrawbridge.com/musical-genres/american-folk-revival,0,7,0%,49
https://www.benstrawbridge.com/musical-genres/spytrack,0,6,0%,4.33
https://www.benstrawbridge.com/projects/recipes/moms-family-recipes-cookbook/dads-home-fried-potatoes/,0,6,0%,6.17
https://www.benstrawbridge.com/page/19/,0,6,0%,6.83
https://www.benstrawbridge.com/musical-genres/old-school-atlanta-hip-hop,0,6,0%,7.17
https://www.benstrawbridge.com/musical-genres/czech-classical-piano/,0,6,0%,7.33
https://www.benstrawbridge.com/projects/content-adaptors/spotify/daniil-trifonov/,0,6,0%,7.83
https://www.benstrawbridge.com/musical-genres/post-romantic-era/,0,6,0%,9.5
https://www.benstrawbridge.com/musical-genres/malian-blues,0,6,0%,10
https://www.benstrawbridge.com/musical-genres/microhouse/,0,6,0%,10.33
https://www.benstrawbridge.com/musical-genres/early-us-punk/,0,6,0%,11
https://www.benstrawbridge.com/tags/content-management/,0,6,0%,12.5
https://www.benstrawbridge.com/links/crypto/,0,6,0%,13.83
https://www.benstrawbridge.com/musical-genres/bristol-indie,0,6,0%,14.67
https://www.benstrawbridge.com/projects/content-adaptors/spotify/junior-mance/,0,6,0%,16.5
https://www.benstrawbridge.com/projects/content-adaptors/spotify/greg-spero/,0,6,0%,18
https://www.benstrawbridge.com/musical-genres/british-blues/,0,6,0%,18.17
https://www.benstrawbridge.com/musical-genres/chicago-punk/,0,6,0%,18.17
https://www.benstrawbridge.com/musical-genres/classic-rock/,0,6,0%,19
https://www.benstrawbridge.com/musical-genres/southern-hip-hop/,0,6,0%,20.83
https://www.benstrawbridge.com/links/how-to-use-google-fonts-in-tailwind-css/,0,6,0%,21.67
https://www.benstrawbridge.com/musical-genres/new-weird-america,0,6,0%,22.83
https://www.benstrawbridge.com/musical-genres/impressionism/,0,6,0%,24.83
https://www.benstrawbridge.com/trails/strawberry-peak/,0,6,0%,33.67
https://www.benstrawbridge.com/musical-genres/jazz-saxophone/,0,6,0%,41.33
https://www.benstrawbridge.com/projects/content-adaptors/spotify/alexei-lubimov/,0,5,0%,4.2
https://www.benstrawbridge.com/musical-genres/modern-blues-rock,0,5,0%,5.2
https://www.benstrawbridge.com/projects/content-adaptors/spotify/roots-manuva/,0,5,0%,6
https://www.benstrawbridge.com/projects/content-adaptors/spotify/a-tribe-called-quest/,0,5,0%,7
https://www.benstrawbridge.com/projects/content-adaptors/spotify/cows/,0,5,0%,7
https://www.benstrawbridge.com/tags/static-site-generator/,0,5,0%,7.4
https://www.benstrawbridge.com/musical-genres/caucasian-classical-piano/,0,5,0%,7.6
https://www.benstrawbridge.com/musical-genres/alternative-metal,0,5,0%,8.2
https://www.benstrawbridge.com/projects/content-adaptors/spotify/flipper/,0,5,0%,8.2
https://www.benstrawbridge.com/musical-genres/italian-romanticism/,0,5,0%,8.4
https://www.benstrawbridge.com/musical-genres/brass-band,0,5,0%,9
https://www.benstrawbridge.com/listening/artists/sat-chit/,0,5,0%,9.4
https://www.benstrawbridge.com/musical-genres/chamber-psych,0,5,0%,9.6
https://www.benstrawbridge.com/musical-genres/trap-argentino/,0,5,0%,9.6
https://www.benstrawbridge.com/projects/content-adaptors/spotify/dizzy-gillespie/,0,5,0%,9.8
https://www.benstrawbridge.com/musical-genres/garage-rock,0,5,0%,10.2
https://www.benstrawbridge.com/musical-genres/jazzcore,0,5,0%,10.8
https://www.benstrawbridge.com/tags/open-source/,0,5,0%,11
https://www.benstrawbridge.com/musical-genres/neoclassicism/,0,5,0%,11.4
https://www.benstrawbridge.com/musical-genres/baltimore-indie,0,5,0%,11.6
https://www.benstrawbridge.com/musical-genres/post-romantic-era,0,5,0%,16
https://www.benstrawbridge.com/musical-genres/african-american-classical/,0,5,0%,16.4
https://www.benstrawbridge.com/projects/content-adaptors/spotify/carla-thomas/,0,5,0%,16.8
https://www.benstrawbridge.com/musical-genres/jazz/,0,5,0%,19.4
https://www.benstrawbridge.com/musical-genres/instrumental-funk,0,5,0%,23
https://www.benstrawbridge.com/musical-genres/modern-jazz-piano/,0,5,0%,23.6
https://www.benstrawbridge.com/musical-genres/harpsichord,0,5,0%,61.6
https://www.benstrawbridge.com/musical-genres/british-jazz/,0,5,0%,64.8
https://www.benstrawbridge.com/projects/content-adaptors/spotify/testiculo-y-uno/,0,4,0%,3
https://www.benstrawbridge.com/musical-genres/singer-songwriter/,0,4,0%,3.75
https://www.benstrawbridge.com/projects/content-adaptors/spotify/john-tejada/,0,4,0%,5.75
https://www.benstrawbridge.com/musical-genres/scottish-indie/,0,4,0%,6
https://www.benstrawbridge.com/musical-genres/hammond-organ,0,4,0%,6.75
https://www.benstrawbridge.com/musical-genres/scottish-rock/,0,4,0%,6.75
https://www.benstrawbridge.com/musical-genres/ska-mexicano,0,4,0%,6.75
https://www.benstrawbridge.com/musical-genres/modern-blues-rock/,0,4,0%,7
https://www.benstrawbridge.com/projects/content-adaptors/spotify/jimi-hendrix/,0,4,0%,7.25
https://www.benstrawbridge.com/musical-genres/czech-classical-piano,0,4,0%,7.5
https://www.benstrawbridge.com/projects/content-adaptors/spotify/ricky-bamboo/,0,4,0%,7.5
https://www.benstrawbridge.com/musical-genres/neo-kraut,0,4,0%,8.25
https://www.benstrawbridge.com/musical-genres/contemporary-country,0,4,0%,8.5
https://www.benstrawbridge.com/musical-genres/dusseldorf-electronic,0,4,0%,8.5
https://www.benstrawbridge.com/links/hugo/,0,4,0%,8.75
https://www.benstrawbridge.com/musical-genres/ambient-folk,0,4,0%,9
https://www.benstrawbridge.com/musical-genres/pov-indie,0,4,0%,9
https://www.benstrawbridge.com/projects/content-adaptors/books/interpreting-the-french-revolution/,0,4,0%,9
https://www.benstrawbridge.com/musical-genres/german-jazz-rap/,0,4,0%,9.5
https://www.benstrawbridge.com/musical-genres/popping,0,4,0%,9.5
https://www.benstrawbridge.com/projects/content-adaptors/spotify/the-stooges/,0,4,0%,10
https://www.benstrawbridge.com/musical-genres/bboy/,0,4,0%,10.25
https://www.benstrawbridge.com/musical-genres/blues/,0,4,0%,10.25
https://www.benstrawbridge.com/musical-genres/psychedelic-hip-hop,0,4,0%,11.25
https://www.benstrawbridge.com/musical-genres/uk-contemporary-jazz,0,4,0%,12
https://www.benstrawbridge.com/tags/tailwind-css/,0,4,0%,12.25
https://www.benstrawbridge.com/musical-genres/glitch-hop/,0,4,0%,13.5
https://www.benstrawbridge.com/musical-genres/atl-hip-hop/,0,4,0%,16.75
https://www.benstrawbridge.com/musical-genres/dream-pop,0,4,0%,17
https://www.benstrawbridge.com/musical-genres/classical-piano/,0,4,0%,17.75
https://www.benstrawbridge.com/projects/content-adaptors/spotify/albert-ayler/,0,4,0%,18.25
https://www.benstrawbridge.com/tags/web-development/,0,4,0%,18.5
https://www.benstrawbridge.com/musical-genres/contemporary-country/,0,4,0%,29
https://www.benstrawbridge.com/musical-genres/classical-performance/,0,4,0%,40.25
https://www.benstrawbridge.com/musical-genres/classic-texas-country,0,4,0%,43.25
https://www.benstrawbridge.com/trails/pv-tour/,0,3,0%,1
https://www.benstrawbridge.com/projects/content-adaptors/spotify/nick-drake/,0,3,0%,2
https://www.benstrawbridge.com/musical-genres/german-romanticism/,0,3,0%,4
https://www.benstrawbridge.com/fineprint/,0,3,0%,6
https://www.benstrawbridge.com/musical-genres/detroit-indie/,0,3,0%,6
https://www.benstrawbridge.com/musical-genres/scottish-indie,0,3,0%,6
https://www.benstrawbridge.com/musical-genres/baroque-pop/,0,3,0%,6.33
https://www.benstrawbridge.com/musical-genres/chanson/,0,3,0%,6.33
https://www.benstrawbridge.com/musical-genres/free-improvisation,0,3,0%,6.67
https://www.benstrawbridge.com/musical-genres/dusseldorf-electronic/,0,3,0%,7
https://www.benstrawbridge.com/musical-genres/dusseldorf-indie,0,3,0%,7
https://www.benstrawbridge.com/tags/portfolio/,0,3,0%,7
https://www.benstrawbridge.com/musical-genres/pop-venezolano,0,3,0%,7.33
https://www.benstrawbridge.com/musical-genres/nordic-classical-piano/,0,3,0%,7.67
https://www.benstrawbridge.com/projects/content-adaptors/spotify/carl-petersson/,0,3,0%,7.67
https://www.benstrawbridge.com/projects/content-adaptors/spotify/michael-endres/,0,3,0%,7.67
https://www.benstrawbridge.com/projects/content-adaptors/spotify/neu/,0,3,0%,7.67
https://www.benstrawbridge.com/musical-genres/pop-reggaeton/,0,3,0%,8
https://www.benstrawbridge.com/musical-genres/british-orchestra/,0,3,0%,8.33
https://www.benstrawbridge.com/musical-genres/russian-classical-piano/,0,3,0%,8.33
https://www.benstrawbridge.com/musical-genres/girl-group,0,3,0%,8.67
https://www.benstrawbridge.com/musical-genres/modern-old-time,0,3,0%,8.67
https://www.benstrawbridge.com/musical-genres/neoclassicism,0,3,0%,8.67
https://www.benstrawbridge.com/musical-genres/slam-poetry,0,3,0%,8.67
https://www.benstrawbridge.com/musical-genres/colombian-pop/,0,3,0%,9.33
https://www.benstrawbridge.com/musical-genres/harpsichord/,0,3,0%,9.33
https://www.benstrawbridge.com/musical-genres/quiet-storm,0,3,0%,9.33
https://www.benstrawbridge.com/musical-genres/bronx-hip-hop/,0,3,0%,9.67
https://www.benstrawbridge.com/projects/content-adaptors/spotify/the-fearless-flyers/,0,3,0%,9.67
https://www.benstrawbridge.com/tags/random-score-generation/,0,3,0%,9.67
https://www.benstrawbridge.com/musical-genres/modern-dream-pop/,0,3,0%,10
https://www.benstrawbridge.com/musical-genres/queens-hip-hop,0,3,0%,10
https://www.benstrawbridge.com/musical-genres/russian-romanticism/,0,3,0%,10
https://www.benstrawbridge.com/posts/hugo_snippets/,0,3,0%,10
https://www.benstrawbridge.com/musical-genres/industrial-hip-hop/,0,3,0%,10.33
https://www.benstrawbridge.com/musical-genres/neo-psychedelic/,0,3,0%,10.33
https://www.benstrawbridge.com/projects/content-adaptors/spotify/thelonious-monk-quartet/,0,3,0%,10.67
https://www.benstrawbridge.com/musical-genres/canadian-old-school-hip-hop/,0,3,0%,11.67
https://www.benstrawbridge.com/musical-genres/jazz-rock/,0,3,0%,12.67
https://www.benstrawbridge.com/musical-genres/bay-area-indie/,0,3,0%,13.33
https://www.benstrawbridge.com/page/8/,0,3,0%,13.33
https://www.benstrawbridge.com/projects/content-adaptors/spotify/charlene-farrugia/,0,3,0%,13.67
https://www.benstrawbridge.com/musical-genres/electropop/,0,3,0%,15.33
https://www.benstrawbridge.com/musical-genres/funk-rock/,0,3,0%,15.33
https://www.benstrawbridge.com/musical-genres/singer-songwriter-pop/,0,3,0%,15.33
https://www.benstrawbridge.com/listening/artists/baird-hersey-prana/,0,3,0%,15.67
https://www.benstrawbridge.com/musical-genres/contemporary-jazz,0,3,0%,16.67
https://www.benstrawbridge.com/musical-genres/american-folk-revival/,0,3,0%,20
https://www.benstrawbridge.com/musical-genres/early-romantic-era,0,3,0%,20
https://www.benstrawbridge.com/musical-genres/dirty-south-rap/,0,3,0%,23.67
https://www.benstrawbridge.com/musical-genres/soul-blues/,0,3,0%,23.67
https://www.benstrawbridge.com/listening/artists/mission-of-burma/,0,3,0%,35
https://www.benstrawbridge.com/musical-genres/ska-punk/,0,3,0%,38
https://www.benstrawbridge.com/tags/,0,3,0%,40
https://www.benstrawbridge.com/page/14/,0,3,0%,40.67
https://www.benstrawbridge.com/musical-genres/torch-song/,0,3,0%,44
https://www.benstrawbridge.com/musical-genres/minimal-tech-house/,0,2,0%,1
https://www.benstrawbridge.com/tags/family-recipes/,0,2,0%,1
https://www.benstrawbridge.com/musical-genres/dusseldorf-indie/,0,2,0%,2.5
https://www.benstrawbridge.com/links/tools/,0,2,0%,3
https://www.benstrawbridge.com/projects/content-adaptors/spotify/the-wailers/,0,2,0%,3
https://www.benstrawbridge.com/links/blogroll/,0,2,0%,4
https://www.benstrawbridge.com/musical-genres/japanese-classical-piano,0,2,0%,4
https://www.benstrawbridge.com/posts/ingredients-section/,0,2,0%,4.5
https://www.benstrawbridge.com/musical-genres/german-jazz-rap,0,2,0%,5
https://www.benstrawbridge.com/musical-genres/japanese-classical-piano/,0,2,0%,5
https://www.benstrawbridge.com/musical-genres/krautrock/,0,2,0%,5.5
https://www.benstrawbridge.com/projects/content-adaptors/spotify/gerry-mulligan-quartet/,0,2,0%,5.5
https://www.benstrawbridge.com/projects/content-adaptors/spotify/j.j.-cale/,0,2,0%,5.5
https://www.benstrawbridge.com/projects/content-adaptors/spotify/vladimir-ashkenazy/,0,2,0%,5.5
https://www.benstrawbridge.com/listening/artists/the-royal-scots-dragoon-guards/,0,2,0%,6
https://www.benstrawbridge.com/musical-genres/instrumental-soul,0,2,0%,6
https://www.benstrawbridge.com/projects/content-adaptors/spotify/suff-daddy/,0,2,0%,6
https://www.benstrawbridge.com/listening/artists/king-missile/,0,2,0%,6.5
https://www.benstrawbridge.com/musical-genres/hungarian-classical-piano,0,2,0%,6.5
https://www.benstrawbridge.com/posts/adding-leaflet-to-ryder-theme/,0,2,0%,6.5
https://www.benstrawbridge.com/musical-genres/american-modern-classical,0,2,0%,7
https://www.benstrawbridge.com/projects/content-adaptors/spotify/2pac/,0,2,0%,7
https://www.benstrawbridge.com/musical-genres/russian-romanticism,0,2,0%,8
https://www.benstrawbridge.com/musical-genres/ska,0,2,0%,8
https://www.benstrawbridge.com/projects/content-adaptors/spotify/mulatu-astatke/,0,2,0%,8
https://www.benstrawbridge.com/projects/content-adaptors/spotify/orchestre-national-de-lyon/,0,2,0%,8
https://www.benstrawbridge.com/projects/content-adaptors/spotify/the-last-poets/,0,2,0%,8
https://www.benstrawbridge.com/tags/github-actions/,0,2,0%,8
https://www.benstrawbridge.com/musical-genres/baroque-pop,0,2,0%,8.5
https://www.benstrawbridge.com/musical-genres/british-jazz,0,2,0%,8.5
https://www.benstrawbridge.com/musical-genres/lo-fi-latino/,0,2,0%,8.5
https://www.benstrawbridge.com/musical-genres/straight-ahead-jazz/,0,2,0%,8.5
https://www.benstrawbridge.com/projects/content-adaptors/spotify/tim-buckley/,0,2,0%,8.5
https://www.benstrawbridge.com/musical-genres/chapel-hill-sound/,0,2,0%,9
https://www.benstrawbridge.com/musical-genres/chinese-classical-piano,0,2,0%,9
https://www.benstrawbridge.com/musical-genres/dub-poetry,0,2,0%,9
https://www.benstrawbridge.com/musical-genres/french-orchestra,0,2,0%,9
https://www.benstrawbridge.com/musical-genres/german-classical-piano,0,2,0%,9
https://www.benstrawbridge.com/musical-genres/harlem-renaissance,0,2,0%,9
https://www.benstrawbridge.com/musical-genres/totalism,0,2,0%,9
https://www.benstrawbridge.com/listening/artists/johannes-brahms/,0,2,0%,9.5
https://www.benstrawbridge.com/musical-genres/canadian-classical-piano,0,2,0%,9.5
https://www.benstrawbridge.com/musical-genres/melodic-rap,0,2,0%,9.5
https://www.benstrawbridge.com/musical-genres/modern-southern-rock/,0,2,0%,9.5
https://www.benstrawbridge.com/musical-genres/popping/,0,2,0%,9.5
https://www.benstrawbridge.com/projects/content-adaptors/spotify/chet-baker-quartet/,0,2,0%,9.5
https://www.benstrawbridge.com/projects/content-adaptors/spotify/christopher-ferreira/,0,2,0%,9.5
https://www.benstrawbridge.com/projects/content-adaptors/spotify/neil-young/,0,2,0%,9.5
https://www.benstrawbridge.com/projects/content-adaptors/spotify/porno-for-pyros/,0,2,0%,9.5
https://www.benstrawbridge.com/tags/templates/,0,2,0%,9.5
https://www.benstrawbridge.com/musical-genres/detroit-rock,0,2,0%,10
https://www.benstrawbridge.com/musical-genres/new-orleans-funk/,0,2,0%,10
https://www.benstrawbridge.com/musical-genres/old-school-atlanta-hip-hop/,0,2,0%,10
https://www.benstrawbridge.com/projects/content-adaptors/spotify/art-blakey/,0,2,0%,10
https://www.benstrawbridge.com/tags/everything,0,2,0%,10
https://www.benstrawbridge.com/musical-genres/anti-folk,0,2,0%,10.5
https://www.benstrawbridge.com/musical-genres/bronx-hip-hop,0,2,0%,10.5
https://www.benstrawbridge.com/musical-genres/texas-blues/,0,2,0%,10.5
https://www.benstrawbridge.com/projects/content-adaptors/spotify/sergei-rachmaninoff/,0,2,0%,10.5
https://www.benstrawbridge.com/listening/artists/dj-king-assassin/,0,2,0%,11
https://www.benstrawbridge.com/musical-genres/electric-bass/,0,2,0%,11
https://www.benstrawbridge.com/musical-genres/singer-songwriter-pop,0,2,0%,11.5
https://www.benstrawbridge.com/musical-genres/hard-rock/,0,2,0%,12
https://www.benstrawbridge.com/musical-genres/afropop,0,2,0%,12.5
https://www.benstrawbridge.com/musical-genres/desert-blues/,0,2,0%,13
https://www.benstrawbridge.com/musical-genres/southern-hip-hop,0,2,0%,13.5
https://www.benstrawbridge.com/musical-genres/scratch,0,2,0%,14
https://www.benstrawbridge.com/musical-genres/desert-blues,0,2,0%,14.5
https://www.benstrawbridge.com/musical-genres/industrial/,0,2,0%,14.5
https://www.benstrawbridge.com/musical-genres/dance-pop/,0,2,0%,15
https://www.benstrawbridge.com/musical-genres/ukrainian-contemporary-classical,0,2,0%,15
https://www.benstrawbridge.com/projects/content-adaptors/spotify/wayne-shorter/,0,2,0%,15.5
https://www.benstrawbridge.com/musical-genres/afrofuturism/,0,2,0%,18
https://www.benstrawbridge.com/projects/content-adaptors/spotify/r.e.m./,0,2,0%,18.5
https://www.benstrawbridge.com/tags/seeds/,0,2,0%,18.5
https://www.benstrawbridge.com/musical-genres/alternative-rb/,0,2,0%,19.5
https://www.benstrawbridge.com/musical-genres/album-rock,0,2,0%,20
https://www.benstrawbridge.com/projects/content-adaptors/spotify/elvin-jones/,0,2,0%,20
https://www.benstrawbridge.com/musical-genres/bluegrass/,0,2,0%,24
https://www.benstrawbridge.com/musical-genres/contemporary-classical,0,2,0%,25.5
https://www.benstrawbridge.com/musical-genres/folktronica,0,2,0%,29.5
https://www.benstrawbridge.com/tags/ingredients/,0,2,0%,29.5
https://www.benstrawbridge.com/musical-genres/country-rock,0,2,0%,37
https://www.benstrawbridge.com/musical-genres/pop-reggaeton,0,2,0%,37
https://www.benstrawbridge.com/musical-genres/classic-soul,0,2,0%,46
https://www.benstrawbridge.com/musical-genres/classical-clarinet,0,1,0%,1
https://www.benstrawbridge.com/musical-genres/east-coast-reggae,0,1,0%,1
https://www.benstrawbridge.com/projects/content-adaptors/spotify/althea-and-donna/,0,1,0%,1
https://www.benstrawbridge.com/projects/content-adaptors/spotify/eteri-andjaparidze/,0,1,0%,1
https://www.benstrawbridge.com/projects/content-adaptors/spotify/jack-johnson/,0,1,0%,1
https://www.benstrawbridge.com/projects/content-adaptors/spotify/jazz-liberatorz/,0,1,0%,1
https://www.benstrawbridge.com/projects/content-adaptors/spotify/the-books/,0,1,0%,1
https://www.benstrawbridge.com/projects/content-adaptors/spotify/the-gun-club/,0,1,0%,1
https://www.benstrawbridge.com/projects/pick-a-square-game/,0,1,0%,1
https://www.benstrawbridge.com/tags/blogging/,0,1,0%,1
https://www.benstrawbridge.com/tags/budget/,0,1,0%,1
https://www.benstrawbridge.com/listening/artists/underwater-sound/,0,1,0%,2
https://www.benstrawbridge.com/musical-genres/classical-flute,0,1,0%,2
https://www.benstrawbridge.com/musical-genres/orkiestra-symfoniczna,0,1,0%,2
https://www.benstrawbridge.com/projects/content-adaptors/spotify/old-crow-medicine-show/,0,1,0%,2
https://www.benstrawbridge.com/tags/product-development/,0,1,0%,2
https://www.benstrawbridge.com/listening/artists/pink-floyd/,0,1,0%,3
https://www.benstrawbridge.com/musical-genres/glitch-hop,0,1,0%,3
https://www.benstrawbridge.com/musical-genres/ukrainian-contemporary-classical/,0,1,0%,3
https://www.benstrawbridge.com/projects/content-adaptors/spotify/valentina-lisitsa/,0,1,0%,3
https://www.benstrawbridge.com/projects/recipes/moms-family-recipes-cookbook/tuna-noodle-bake/,0,1,0%,3
https://www.benstrawbridge.com/ingredients/nuts,0,1,0%,4
https://www.benstrawbridge.com/links/discover-awe-daily-with-oprah-and-dacher-keltner/,0,1,0%,4
https://www.benstrawbridge.com/musical-genres/focus-beats/,0,1,0%,4
https://www.benstrawbridge.com/musical-genres/old-school-dancehall/,0,1,0%,4
https://www.benstrawbridge.com/musical-genres/symfonicky-orchestr,0,1,0%,4
https://www.benstrawbridge.com/projects/content-adaptors/spotify/oscar-peterson-trio/,0,1,0%,4
https://www.benstrawbridge.com/projects/content-adaptors/spotify/saccharine-trust/,0,1,0%,4
https://www.benstrawbridge.com/musical-genres/chicano-rap/,0,1,0%,5
https://www.benstrawbridge.com/musical-genres/musica-de-fondo/,0,1,0%,5
https://www.benstrawbridge.com/musical-genres/nordic-classical-piano,0,1,0%,5
https://www.benstrawbridge.com/musical-genres/romanian-classical-piano/,0,1,0%,5
https://www.benstrawbridge.com/musical-genres/turntablism,0,1,0%,5
https://www.benstrawbridge.com/projects/content-adaptors/books/les-misérables/,0,1,0%,5
https://www.benstrawbridge.com/projects/content-adaptors/spotify/pure-x/,0,1,0%,5
https://www.benstrawbridge.com/tags/road-trip/,0,1,0%,5
https://www.benstrawbridge.com/listening/artists/e-40/,0,1,0%,6
https://www.benstrawbridge.com/musical-genres/contemporary-classical/,0,1,0%,6
https://www.benstrawbridge.com/musical-genres/denton-tx-indie,0,1,0%,6
https://www.benstrawbridge.com/musical-genres/instrumental-rock,0,1,0%,6
https://www.benstrawbridge.com/musical-genres/spiritual-jazz/,0,1,0%,6
https://www.benstrawbridge.com/page/9/,0,1,0%,6
https://www.benstrawbridge.com/projects/content-adaptors/spotify/sonny-clark/,0,1,0%,6
https://www.benstrawbridge.com/projects/content-adaptors/spotify/steven-osborne/,0,1,0%,6
https://www.benstrawbridge.com/projects/content-adaptors/spotify/terrace-martin/,0,1,0%,6
https://www.benstrawbridge.com/listening/artists/devo/,0,1,0%,7
https://www.benstrawbridge.com/musical-genres/chanson,0,1,0%,7
https://www.benstrawbridge.com/musical-genres/chicago-rap,0,1,0%,7
https://www.benstrawbridge.com/musical-genres/reggae-rock/,0,1,0%,7
https://www.benstrawbridge.com/musical-genres/rumba,0,1,0%,7
https://www.benstrawbridge.com/musical-genres/ukrainian-classical-piano/,0,1,0%,7
https://www.benstrawbridge.com/page/22/,0,1,0%,7
https://www.benstrawbridge.com/projects/content-adaptors/spotify/miles-davis-quintet/,0,1,0%,7
https://www.benstrawbridge.com/projects/content-adaptors/spotify/the-polish-ambassador/,0,1,0%,7
https://www.benstrawbridge.com/projects/content-adaptors/spotify/the-the/,0,1,0%,7
https://www.benstrawbridge.com/links/page-speed-insights/,0,1,0%,8
https://www.benstrawbridge.com/listening/artists/pere-ubu/,0,1,0%,8
https://www.benstrawbridge.com/musical-genres/canadian-old-school-hip-hop,0,1,0%,8
https://www.benstrawbridge.com/musical-genres/musica-de-fondo,0,1,0%,8
https://www.benstrawbridge.com/musical-genres/rhythm-and-blues/,0,1,0%,8
https://www.benstrawbridge.com/musical-genres/underground-grunge,0,1,0%,8
https://www.benstrawbridge.com/musical-genres/water,0,1,0%,8
https://www.benstrawbridge.com/projects/content-adaptors/spotify/robert-plane/,0,1,0%,8
https://www.benstrawbridge.com/projects/content-adaptors/spotify/the-beach-boys/,0,1,0%,8
https://www.benstrawbridge.com/listening/weekly/2026-w07/,0,1,0%,9
https://www.benstrawbridge.com/musical-genres/athens-indie,0,1,0%,9
https://www.benstrawbridge.com/musical-genres/austrian-classical-piano/,0,1,0%,9
https://www.benstrawbridge.com/musical-genres/balkan-classical-piano,0,1,0%,9
https://www.benstrawbridge.com/musical-genres/chinese-classical-piano/,0,1,0%,9
https://www.benstrawbridge.com/musical-genres/colombian-pop,0,1,0%,9
https://www.benstrawbridge.com/musical-genres/country-blues/,0,1,0%,9
https://www.benstrawbridge.com/musical-genres/german-electronica/,0,1,0%,9
https://www.benstrawbridge.com/musical-genres/hyphy,0,1,0%,9
https://www.benstrawbridge.com/projects/content-adaptors/spotify/vladimir-horowitz/,0,1,0%,9
https://www.benstrawbridge.com/listening/artists/david-allan-coe/,0,1,0%,10
https://www.benstrawbridge.com/listening/artists/the-beach-boys/,0,1,0%,10
https://www.benstrawbridge.com/musical-genres/adult-standards,0,1,0%,10
https://www.benstrawbridge.com/musical-genres/baltimore-indie/,0,1,0%,10
https://www.benstrawbridge.com/musical-genres/canterbury-scene,0,1,0%,10
https://www.benstrawbridge.com/musical-genres/german-electronica,0,1,0%,10
https://www.benstrawbridge.com/musical-genres/jazz-rock,0,1,0%,10
https://www.benstrawbridge.com/musical-genres/old-time/,0,1,0%,10
https://www.benstrawbridge.com/musical-genres/shoegaze,0,1,0%,10
https://www.benstrawbridge.com/musical-genres/southern-rock/,0,1,0%,10
https://www.benstrawbridge.com/musical-genres/uk-contemporary-jazz/,0,1,0%,10
https://www.benstrawbridge.com/page/11/,0,1,0%,10
https://www.benstrawbridge.com/projects/content-adaptors/spotify/alfred-brendel/,0,1,0%,10
https://www.benstrawbridge.com/projects/content-adaptors/spotify/english-sinfonia/,0,1,0%,10
https://www.benstrawbridge.com/projects/content-adaptors/spotify/games-we-play/,0,1,0%,10
https://www.benstrawbridge.com/projects/content-adaptors/spotify/k-def/,0,1,0%,10
https://www.benstrawbridge.com/projects/content-adaptors/spotify/yuja-wang/,0,1,0%,10
https://www.benstrawbridge.com/projects/hiking/,0,1,0%,10
https://www.benstrawbridge.com/tags/css/,0,1,0%,10
https://www.benstrawbridge.com/musical-genres/background-piano/,0,1,0%,11
https://www.benstrawbridge.com/musical-genres/folktronica/,0,1,0%,11
https://www.benstrawbridge.com/musical-genres/german-classical-piano/,0,1,0%,11
https://www.benstrawbridge.com/musical-genres/heartland-rock,0,1,0%,11
https://www.benstrawbridge.com/musical-genres/neo-soul/,0,1,0%,11
https://www.benstrawbridge.com/musical-genres/norwegian-classical/,0,1,0%,11
https://www.benstrawbridge.com/projects/content-adaptors/spotify/cage-the-elephant/,0,1,0%,11
https://www.benstrawbridge.com/projects/content-adaptors/spotify/earl-hooker/,0,1,0%,11
https://www.benstrawbridge.com/projects/content-adaptors/spotify/eminem/,0,1,0%,11
https://www.benstrawbridge.com/projects/content-adaptors/spotify/the-budos-band/,0,1,0%,11
https://www.benstrawbridge.com/tags/dog-friendly/,0,1,0%,11
https://www.benstrawbridge.com/musical-genres/chillhop,0,1,0%,12
https://www.benstrawbridge.com/musical-genres/experimental-ambient,0,1,0%,12
https://www.benstrawbridge.com/musical-genres/focus-beats,0,1,0%,12
https://www.benstrawbridge.com/musical-genres/industrial-rock/,0,1,0%,12
https://www.benstrawbridge.com/musical-genres/madchester/,0,1,0%,12
https://www.benstrawbridge.com/musical-genres/pop-rap/,0,1,0%,12
https://www.benstrawbridge.com/musical-genres/scratch/,0,1,0%,12
https://www.benstrawbridge.com/musical-genres/stride/,0,1,0%,12
https://www.benstrawbridge.com/musical-genres/float-house,0,1,0%,13
https://www.benstrawbridge.com/musical-genres/intelligent-dance-music,0,1,0%,13
https://www.benstrawbridge.com/musical-genres/modern-alternative-rock,0,1,0%,13
https://www.benstrawbridge.com/musical-genres/neo-soul,0,1,0%,13
https://www.benstrawbridge.com/musical-genres/crunk/,0,1,0%,15
https://www.benstrawbridge.com/musical-genres/italian-baroque/,0,1,0%,15
https://www.benstrawbridge.com/musical-genres/orkiestra-symfoniczna/,0,1,0%,15
https://www.benstrawbridge.com/projects/content-adaptors/spotify/doc-watson/,0,1,0%,15
https://www.benstrawbridge.com/tags/leaflet.js/,0,1,0%,15
https://www.benstrawbridge.com/musical-genres/instrumental-rock/,0,1,0%,16
https://www.benstrawbridge.com/musical-genres/proto-metal/,0,1,0%,16
https://www.benstrawbridge.com/musical-genres/art-rock/,0,1,0%,17
https://www.benstrawbridge.com/projects/content-adaptors/spotify/clifford-brown/,0,1,0%,17
https://www.benstrawbridge.com/musical-genres/classic-canadian-rock/,0,1,0%,18
https://www.benstrawbridge.com/musical-genres/native-american-traditional/,0,1,0%,18
https://www.benstrawbridge.com/musical-genres/psychedelic-folk/,0,1,0%,18
https://www.benstrawbridge.com/musical-genres/rumba/,0,1,0%,18
https://www.benstrawbridge.com/tags/nonfiction/,0,1,0%,18
https://www.benstrawbridge.com/musical-genres/trap/,0,1,0%,19
https://www.benstrawbridge.com/musical-genres/flamenco/,0,1,0%,20
https://www.benstrawbridge.com/musical-genres/industrial,0,1,0%,20
https://www.benstrawbridge.com/musical-genres/jam-band,0,1,0%,22
https://www.benstrawbridge.com/musical-genres/afrofuturism,0,1,0%,23
https://www.benstrawbridge.com/musical-genres/appalachian-folk,0,1,0%,28
https://www.benstrawbridge.com/projects/content-adaptors/spotify/alexander-paley/,0,1,0%,28
https://www.benstrawbridge.com/projects/content-adaptors/spotify/charles-mingus/,0,1,0%,28
https://www.benstrawbridge.com/links/papermod-theme/,0,1,0%,37
https://www.benstrawbridge.com/musical-genres/classical-oboe/,0,1,0%,44
https://www.benstrawbridge.com/listening/artists/althea-and-donna/,0,1,0%,49
https://www.benstrawbridge.com/projects/content-adaptors/spotify/edvard-grieg/,0,1,0%,49
https://www.benstrawbridge.com/projects/content-adaptors/spotify/bob-marley--the-wailers/,0,1,0%,53
https://www.benstrawbridge.com/musical-genres/new-orleans-funk,0,1,0%,63
https://www.benstrawbridge.com/listening/artists/clifford-brown/,0,1,0%,78
https://www.benstrawbridge.com/listening/artists/thelonious-monk/,0,1,0%,82
https://www.benstrawbridge.com/musical-genres/neo-rb,0,1,0%,96