Top queries,Clicks,Impressions,CTR,Position
bluff creek trail,8,864,0.93%,7.97
ben strawbridge,8,79,10.13%,2.67
bluff creek trail parking,7,53,13.21%,3.57
bluffs creek trail,3,352,0.85%,8.92
gbvfi,2,578,0.35%,7.7
pick a square game,2,112,1.79%,6.44
amazon affiliate disclosure,1,177,0.56%,33.76
bluff creek trail playa vista,1,112,0.89%,5.99
adult standards,1,92,1.09%,14.61
abstract hip hop,1,81,1.23%,38.02
mellow gold music genre,1,68,1.47%,9.57
lmu trail,1,63,1.59%,3.73
latin urbano,1,18,5.56%,34.06
jazzboom,1,16,6.25%,8.62
westchester bluffs,1,15,6.67%,9.67
bluffs creek,1,12,8.33%,9.83
crank wave bands,1,5,20%,28.8
playa vista hike,1,2,50%,6.5
sat-chit delfines • 963 hz,0,509,0%,7.91
urbano latino music,0,438,0%,24.96
what is experimental pop,0,398,0%,11.59
bebop,0,378,0%,58.05
experimental rock music,0,335,0%,45.28
no wave,0,304,0%,47.84
psychedelic soul music,0,299,0%,40.33
adult standards genre,0,271,0%,9.75
slacker rock,0,257,0%,21.01
hardcore hip hop music,0,255,0%,54.75
art punk music,0,250,0%,20.45
jazz quartets,0,246,0%,36.37
chamber pop music,0,244,0%,34.18
roots rock music,0,240,0%,56.92
metropopolis,0,211,0%,10.6
mellow gold genre,0,185,0%,10.28
jazz trio,0,178,0%,62.61
memphis soul,0,168,0%,43.67
hard bop playlist,0,165,0%,80.58
west coast rap,0,157,0%,43.01
motown genre,0,154,0%,60.33
crank wave,0,153,0%,16.24
noise rock music,0,140,0%,60.25
"""genre-focused supergroup""",0,135,0%,7.1
top jazz quartets,0,135,0%,69.46
hyphy music,0,134,0%,54.32
rss feed to xml,0,132,0%,66.14
permanent wave genre,0,131,0%,12.65
permanent wave music,0,128,0%,14.66
hypnagogic pop,0,127,0%,28.98
bad bunny pfp,0,126,0%,1.09
amazon affiliate disclosure examples,0,120,0%,27.12
chamber pop,0,119,0%,39.39
east coast rap music,0,116,0%,64.87
jazz fusion,0,113,0%,45.65
bluff creek trail los angeles,0,106,0%,7.19
adult standards music genre,0,99,0%,9.86
conscious hip hop music,0,98,0%,73.7
post-disco music,0,88,0%,35.01
experimental rock,0,88,0%,38.56
pick a square,0,87,0%,11.62
alternative rap music,0,86,0%,74.1
peaceiris/actions-hugo@v2 usage hugo-version input,0,85,0%,7.95
indie jazz,0,85,0%,15.4
west coast hip hop,0,85,0%,41.01
lmu hiking trail,0,84,0%,2.82
amazon affiliate disclosure example,0,84,0%,61.05
avant garde jazz,0,82,0%,48.11
permanent wave,0,82,0%,55.2
jazzcore,0,79,0%,26.09
cool jazz,0,74,0%,49.39
gethugothemes.com,0,70,0%,72.17
melancholia music genre,0,65,0%,9.23
neo mellow,0,63,0%,10.29
permanent wave music genre,0,59,0%,6.08
permanent wave genre bands,0,59,0%,7.93
metropopolis genre,0,58,0%,10.31
crank wave genre,0,57,0%,11.53
instrumental funk bands,0,55,0%,7.62
hard bop,0,53,0%,47.26
hard bop music,0,52,0%,41.6
avant-garde jazz music,0,51,0%,53.67
neo mellow genre,0,49,0%,11.04
modern postbebop,0,48,0%,13.27
benjamin strawbridge,0,45,0%,9.42
art punk,0,45,0%,42.53
free jazz,0,45,0%,70.38
best jazz quartets,0,45,0%,91.87
bluff trail park,0,44,0%,13.18
roots rock,0,43,0%,44.12
playa vista trail,0,42,0%,9.79
tape club genre,0,40,0%,9.18
no wave music,0,40,0%,43.75
what is permanent wave music,0,39,0%,15.74
alternative hip hop,0,39,0%,45.41
east hip hop,0,39,0%,68.26
sat-chit 369 hz ✧ llave del universo,0,38,0%,8.95
british alternative,0,38,0%,33.47
janos sebestyen,0,37,0%,5.7
milo j milagrosa spotify link,0,37,0%,9.86
indietronica,0,37,0%,42.97
melancholia genre music,0,36,0%,10.44
what is soft rock,0,36,0%,44.5
gbvfi music,0,35,0%,6.97
urbano latino,0,34,0%,19.76
alternative hip hop music,0,34,0%,48.76
pick square,0,33,0%,7.21
peaceiris/actions-hugo@v2 hugo-version input,0,33,0%,7.45
abstract rap,0,33,0%,44.55
oberrieder dog park,0,32,0%,7.16
"jános sebestyén prelude in d minor, bwv 926",0,32,0%,9.19
west coast music,0,30,0%,51.17
hard jazz,0,29,0%,46.9
album rock,0,29,0%,49.28
east coast hip hop,0,28,0%,43.5
avant-garde jazz,0,28,0%,46.04
slowcore,0,28,0%,47.04
post punk music genre,0,28,0%,53.57
milo j rara vez spotify link,0,27,0%,9.63
post bop,0,27,0%,42.11
jazz rap,0,27,0%,58.15
bluff creek park playa vista,0,26,0%,10.42
adult standard,0,26,0%,11.92
del rey lagoon,0,26,0%,28.38
totalism music,0,25,0%,13.76
alternative music genres,0,24,0%,52.46
avant jazz,0,24,0%,56.67
golden beet smoothie,0,23,0%,7.09
"citrin research ""2028gic"" or ""2028 gic""",0,23,0%,8.52
anti folk,0,23,0%,44.26
hardbop,0,23,0%,51.04
soul singers chicago,0,23,0%,84.39
slacker rock genre,0,22,0%,10.77
swamp rock,0,22,0%,28.41
milo j rara vez spotify track link,0,21,0%,8.38
what is alternative hip hop,0,21,0%,49.86
melancholia music genre artists,0,20,0%,10.15
metropopolis music,0,20,0%,14.65
del rey lagoon park,0,20,0%,23.8
rap west coast,0,20,0%,42.9
classical genre,0,20,0%,69.65
west coast genre,0,19,0%,12.16
crankwave,0,19,0%,14.79
what is crank wave,0,19,0%,18.37
post disco,0,19,0%,20.74
what is slacker rock,0,19,0%,23.05
jazz indie,0,19,0%,27.16
experimental music genres,0,19,0%,35.89
peaceiris/actions-hugo v2 hugo-version input,0,18,0%,7.61
milo j milagrosa spotify track link,0,18,0%,8.17
sat-chit 888 hz • luz de abundancia dorada,0,18,0%,8.56
jazz boom,0,18,0%,12.33
permanent wave genre artists,0,17,0%,9.59
totalism genre,0,17,0%,12.12
permanent wave bands,0,17,0%,19.24
experimental pop,0,17,0%,20.94
cali rap,0,17,0%,25.94
chamber rock,0,17,0%,37.24
what is jazz fusion,0,17,0%,50.88
amazon associate disclosure,0,17,0%,72.82
amazon affiliate disclosure template,0,16,0%,42.44
hardcore hip hop,0,16,0%,43.62
west coast hip-hop,0,16,0%,43.69
what is country rock music,0,16,0%,47.06
bebop hard bop,0,16,0%,69.25
hard bebop jazz,0,16,0%,84.62
jazz quartet,0,15,0%,47.27
genre motown,0,15,0%,48.47
alternative genres,0,15,0%,48.8
motown music genre,0,15,0%,62.07
bebop jazz,0,15,0%,62.47
avantgarde jazz,0,15,0%,63.8
rocksteady,0,15,0%,66.07
music genre dub,0,15,0%,89.93
milo j no soy eterno spotify link,0,14,0%,9.36
milo j milagrosa spotify track,0,14,0%,9.64
playa del rey lagoon,0,14,0%,13.79
amazon affiliate disclosure statement,0,14,0%,13.93
anti-folk genre,0,14,0%,36.86
chamber pop artists,0,14,0%,38.36
what is permanent wave,0,14,0%,39.5
conscious hip hop,0,14,0%,43.86
canadian singer songwriter,0,14,0%,47.93
what is antifolk,0,14,0%,50.86
rocksteady genre,0,14,0%,52.29
slacker music,0,14,0%,52.93
fusion genre,0,14,0%,68.21
musica jazz vocal,0,14,0%,79.07
experimental indie,0,13,0%,4.77
"""roots rock saxophonist"" ""indie folk"" album",0,13,0%,7.69
laboratorio genre,0,13,0%,11
crank wave music,0,13,0%,11.31
indie jazz music,0,13,0%,13.38
brill building pop,0,13,0%,28.54
indie soul,0,13,0%,29.92
post-bop,0,13,0%,43.08
jazz free,0,13,0%,71.31
where is bluff creek california,0,12,0%,9.83
drone folk,0,12,0%,13.75
motown genres,0,12,0%,17.5
what is chamber pop,0,12,0%,38.58
slacker rock bands,0,12,0%,43.58
classical genres,0,12,0%,60.08
experimental genre,0,12,0%,64.33
alternative music genre,0,12,0%,65.5
urbano latino music genre,0,11,0%,2.36
trawbridge,0,11,0%,8.73
permanent wave artists,0,11,0%,11.73
hikes near marina del rey,0,11,0%,12
compositional ambient,0,11,0%,14.18
chamber-pop,0,11,0%,34
what is no wave,0,11,0%,42.73
anti-folk,0,11,0%,44.64
soul jazz,0,11,0%,49.09
noise pop,0,11,0%,49.45
no wave bands,0,11,0%,73.18
rap with jazz,0,11,0%,88.18
rss feed xml,0,11,0%,88.82
strawbridge.com,0,10,0%,9.7
amazon disclosure,0,10,0%,34.1
melancholy music genre,0,10,0%,34.2
no wave genre,0,10,0%,37.1
is soft rock a genre,0,10,0%,42.2
post punk genres,0,10,0%,43.6
what is anti folk music,0,10,0%,43.7
westcoast rap,0,10,0%,47.9
bluff trail,0,10,0%,50
what is cool jazz,0,10,0%,55.4
eastside hip hop,0,10,0%,62.6
fusion music genre,0,10,0%,67.2
alternative country,0,10,0%,80.9
rss xml,0,10,0%,89.8
beet apple banana smoothie,0,9,0%,6.67
miami indie,0,9,0%,11.56
melancholia genre,0,9,0%,12.67
west coast music genre,0,9,0%,16
where is bluff creek,0,9,0%,16
ocean genre,0,9,0%,18
indie jazz artists,0,9,0%,21.89
album rock genre,0,9,0%,24
soft rock genre,0,9,0%,28.56
anti folk genre,0,9,0%,35.89
british post punk,0,9,0%,37.67
late romantic era,0,9,0%,37.67
rock experimental,0,9,0%,39.22
hard bop jazz music,0,9,0%,41.67
psychedelic soul,0,9,0%,43.22
country rock genre,0,9,0%,44.33
no-wave,0,9,0%,44.89
what is anti folk,0,9,0%,46.89
what is roots rock,0,9,0%,48.11
punk music types,0,9,0%,60.89
west coast hip hop music,0,9,0%,63.78
westcoast music,0,9,0%,79
late romanticism,0,9,0%,90.78
urbano latino genre,0,8,0%,7.75
beads gastown,0,8,0%,8.88
crank wave music genre,0,8,0%,10.62
amazon associates disclosure,0,8,0%,20.5
indie soul music,0,8,0%,25.5
abstract beats,0,8,0%,26.88
what is noise rock,0,8,0%,33
de la soul on spotify,0,8,0%,38
rap west,0,8,0%,40.5
urbano music,0,8,0%,40.75
anti-folk music,0,8,0%,41.5
romantic music genres,0,8,0%,45.75
canadian singer-songwriter,0,8,0%,48
golden age of hip hop,0,8,0%,48.88
dub genre,0,8,0%,51.5
dance punk,0,8,0%,53.88
rocksteady music genre,0,8,0%,60.5
chamber folk,0,8,0%,71
classical styles of music,0,8,0%,72.5
famous jazz quartets,0,8,0%,76.5
rss xml example,0,8,0%,80
milo j fruto spotify link,0,7,0%,9.57
milagrosa milo j spotify link,0,7,0%,9.86
crank genre,0,7,0%,15.43
malian blues,0,7,0%,18.43
latino urbano,0,7,0%,27.14
swamp music genre,0,7,0%,33.14
blues rock genre,0,7,0%,35.57
bebop genre,0,7,0%,35.86
hypnagogic music,0,7,0%,36.29
albumrock,0,7,0%,38
late romantic,0,7,0%,39.43
west coast rap music,0,7,0%,40.57
urban latino,0,7,0%,42.71
latin urbano music,0,7,0%,44
post hardcode,0,7,0%,45.71
classic soul.com,0,7,0%,47.57
hip hop east coast,0,7,0%,49
jazz avant garde,0,7,0%,50.14
memphis soul song,0,7,0%,53.71
the golden age of hip hop,0,7,0%,56.29
what is hard bop jazz,0,7,0%,60.57
rss feed xml example,0,7,0%,73.57
music genres dub,0,7,0%,85.86
"citriniresearch ""2028 gic""",0,6,0%,7.33
"citrin research ""2028gic""",0,6,0%,8
mango beet smoothie,0,6,0%,8.5
"citrin research ""2028 gic""",0,6,0%,9
indie soul genre,0,6,0%,9
"""milagrosa"" milo j spotify track",0,6,0%,10
melancholy genre,0,6,0%,11.5
del ray lagoon,0,6,0%,12.5
downtempo bass,0,6,0%,15.33
#westcoastrap,0,6,0%,18.33
reggaeton subgenres,0,6,0%,21.17
indie jazz songs,0,6,0%,24.83
new weird america,0,6,0%,32.67
abstract hiphop,0,6,0%,33.17
funk music instrumental,0,6,0%,39.5
alternative rock genres,0,6,0%,42.83
no-wave music,0,6,0%,43.67
antifolk,0,6,0%,44.83
abstract hip-hop,0,6,0%,45.33
hypnagogic pop artists,0,6,0%,46
new americana music,0,6,0%,46.17
what is blues rock music,0,6,0%,46.17
soft rock cd,0,6,0%,47
what is anti-folk,0,6,0%,47
roots rock bands,0,6,0%,48
hip hop golden age,0,6,0%,49.17
what is noise pop,0,6,0%,49.33
bebop albums,0,6,0%,51.5
bebop jazz albums,0,6,0%,53
harlem hip hop,0,6,0%,53.67
post jazz,0,6,0%,56.17
dub music genre,0,6,0%,57
avant garde jazz albums,0,6,0%,57.17
shoegaze genre,0,6,0%,59.33
jazz fusion genre,0,6,0%,60.17
jazz infusion,0,6,0%,61.5
avant-jazz,0,6,0%,64
harcore hip hop,0,6,0%,67.33
what is rocksteady music,0,6,0%,70.17
xml rss feed,0,6,0%,72.17
what is avant garde jazz,0,6,0%,72.5
classics era,0,6,0%,77.5
what is rocksteady,0,6,0%,78.67
bluffs at nine mile creek,0,6,0%,80
hyphy,0,6,0%,82
music genre reggaeton,0,6,0%,83.5
hiking trails near me,0,5,0%,1.4
bluff creek trail map,0,5,0%,5
"""2028 gic"" citrini research",0,5,0%,9.2
reggaeton genres,0,5,0%,9.4
crank wave artists,0,5,0%,10.6
jazz core latest,0,5,0%,11.6
what is adult standards genre,0,5,0%,12.6
slacker folk,0,5,0%,17.2
post hardcore genre,0,5,0%,18
hyphy genre,0,5,0%,24.4
post-disco,0,5,0%,26.6
what is blues rock,0,5,0%,27.6
chamber pop albums,0,5,0%,28.2
amazon affiliate statement,0,5,0%,28.4
gerald peregrine,0,5,0%,28.8
what is abstract hip hop,0,5,0%,32.6
slacker rock rym,0,5,0%,33.4
metropolis music genre,0,5,0%,36.4
swamprock,0,5,0%,37.4
what is west coast rap,0,5,0%,38
soft rock music genre,0,5,0%,39.2
noise pop genre,0,5,0%,39.8
anti folk music,0,5,0%,40.8
no wave albums,0,5,0%,42
memphis soul music,0,5,0%,43.2
best avant garde jazz albums,0,5,0%,43.6
bluffs trail,0,5,0%,44
what is no wave music,0,5,0%,44
post bop jazz,0,5,0%,44.8
recipe schema generator,0,5,0%,45
reggaeton genre,0,5,0%,49.4
jazz fusion music -site:youtube.com -site:facebook.com -site:instagram.com,0,5,0%,50.6
chicago music genres,0,5,0%,52.6
music genres alternative,0,5,0%,52.6
folk rock genre,0,5,0%,53.6
snoop dogg genres,0,5,0%,54.4
fusion jazz,0,5,0%,55.8
mellow gold,0,5,0%,56.4
avant-garde jazz albums,0,5,0%,59
gangsta rap genre,0,5,0%,59.2
totalism,0,5,0%,60.2
roots genre,0,5,0%,60.6
noisy rock,0,5,0%,66
early romantic era,0,5,0%,67
standards music genre,0,5,0%,71.2
psychedelic soul band,0,5,0%,72.4
types of reggaeton,0,5,0%,72.4
bebop band,0,5,0%,73.2
roots music genre,0,5,0%,76
jazz to funk,0,5,0%,76.2
latina urbana,0,5,0%,79
no wave band,0,5,0%,90.2
microtonal math rock,0,4,0%,5.75
gbvfi meaning,0,4,0%,8.5
beads gas town,0,4,0%,8.75
"jános sebestyén prelude in c minor, bwv 999",0,4,0%,9.75
amazon music genre classification indie rock,0,4,0%,10.25
de la soul genre alternative hip hop jazz rap golden age,0,4,0%,10.25
#calirap,0,4,0%,11
what is crank wave music,0,4,0%,11.25
slam poetry music,0,4,0%,12.75
jet pets lax,0,4,0%,14.75
#urbanolatino latest,0,4,0%,16
totalism music genre,0,4,0%,16
bluff creek trails,0,4,0%,17
#hypnagogicpop latest,0,4,0%,17.5
urbano genre,0,4,0%,18.75
urbano latino artists,0,4,0%,20.75
hypagogic pop,0,4,0%,28.75
east coast hip hop rym,0,4,0%,30
hugo new content,0,4,0%,36
chamber pop genre,0,4,0%,37.75
alternative hip-hop,0,4,0%,40
what is experimental rock,0,4,0%,40.75
what is jazz rap,0,4,0%,44
memphis soul songs,0,4,0%,46.75
west coast rap albums,0,4,0%,46.75
chicago soul,0,4,0%,47.5
no wave artists,0,4,0%,48.75
jazz fusion genres,0,4,0%,50
psych soul,0,4,0%,51
abstract songs,0,4,0%,51.25
golden age of hip-hop,0,4,0%,52.25
bluffs hike,0,4,0%,53.25
cali rap music,0,4,0%,53.5
ottorino respighi,0,4,0%,53.5
what is conscious hip hop,0,4,0%,57
best west coast hip hop albums,0,4,0%,57.25
hard bop jazz,0,4,0%,57.25
microhouse music,0,4,0%,58
classical genre music,0,4,0%,58.5
orchestra genre,0,4,0%,58.75
west coast raps,0,4,0%,59.5
chicago music genre,0,4,0%,61
what is alternative country,0,4,0%,61.25
jazz trios,0,4,0%,61.5
british blues music,0,4,0%,61.75
bebop smith,0,4,0%,64.5
classical genres of music,0,4,0%,65.5
rss feed example xml,0,4,0%,66
melancholic music genre,0,4,0%,66.5
history of west coast rap,0,4,0%,68.75
jazz rappers,0,4,0%,68.75
when did cool jazz emerge,0,4,0%,71.75
jazz and fusion,0,4,0%,74.75
rss feeds xml,0,4,0%,75
jazz rap bands,0,4,0%,80.75
genre alternative rock,0,4,0%,81.25
british music genres,0,4,0%,81.75
the bebop,0,4,0%,85.25
slack rock,0,4,0%,89.75
bebop music style,0,4,0%,92.25
badbunny pfp,0,3,0%,1
brigitte fontaine,0,3,0%,1
hikes near me,0,3,0%,1
hiking trails,0,3,0%,1
indie experimental,0,3,0%,1
local guide program,0,3,0%,1
open trails near me,0,3,0%,1
trails near me,0,3,0%,1
walking trails near me,0,3,0%,2
what is gbvfi,0,3,0%,6.33
biffpowbang,0,3,0%,7.67
gas town beads,0,3,0%,8.33
gbfvi,0,3,0%,9
what genre is adult standards,0,3,0%,9.67
what is indie soul,0,3,0%,9.67
welcome to gas town steve yegge summary,0,3,0%,10
neomellow,0,3,0%,10.67
return to forever band,0,3,0%,12
#swamprock latest,0,3,0%,16
melancholic genre,0,3,0%,17.33
swamp rock genre,0,3,0%,18.67
post disco music,0,3,0%,19
jazz core,0,3,0%,19.67
thes one lifestyle marketing,0,3,0%,20
philly indie,0,3,0%,21.33
hypnagogic rock,0,3,0%,22.67
chicago hardcore,0,3,0%,23.33
shoegaze jazz,0,3,0%,24.33
microhouse genre,0,3,0%,25
best instrumental funk albums,0,3,0%,25.67
best chamber pop albums,0,3,0%,28.33
post punk uk,0,3,0%,29.33
tape club,0,3,0%,32.67
old school genre music,0,3,0%,34.67
de la soul 3 feet high and rising spotify,0,3,0%,35.33
canadian singer and songwriter,0,3,0%,36
spotify de la soul,0,3,0%,36.33
avante garde jazz,0,3,0%,37
hypnagogic pop songs,0,3,0%,37.67
what is hard bop,0,3,0%,38
indie-soul,0,3,0%,38.67
shoegaze,0,3,0%,39.33
east coast hip hop albums,0,3,0%,40
"spotify genre api integration -site:youtube.com -site:facebook.com 
-site:instagram.com",0,3,0%,40.67
strawberry peak,0,3,0%,43.33
east coast hip-hop,0,3,0%,43.67
jazz-fusion,0,3,0%,44
mellow gold music,0,3,0%,44
what is west coast hip hop,0,3,0%,44.33
meet cleofis randolph the patriarch,0,3,0%,44.67
post-bop jazz,0,3,0%,44.67
postbop,0,3,0%,45
psychedelic rock genre,0,3,0%,45
playa trail,0,3,0%,45.33
what is slowcore music,0,3,0%,45.33
no wave album,0,3,0%,45.67
west coast hiphop,0,3,0%,45.67
indietrónica,0,3,0%,46
jazz-rap,0,3,0%,47
what is hardcore rap,0,3,0%,48
lofi genres,0,3,0%,48.67
chamberpop,0,3,0%,49
countryrock,0,3,0%,49
louisiana blues,0,3,0%,49
dance-punk,0,3,0%,50.67
what is indietronica,0,3,0%,51
what is post bop,0,3,0%,51.33
new americana artists,0,3,0%,51.67
ska genre music,0,3,0%,52.33
trap latino music,0,3,0%,52.67
what is soul jazz,0,3,0%,53
ambient experimental music,0,3,0%,53.67
west coast music rap,0,3,0%,56.33
jazz trumpet albums,0,3,0%,57
rock steady genre,0,3,0%,57.67
roots rock artists,0,3,0%,59
genre ska,0,3,0%,59.33
motown music category,0,3,0%,59.67
permanent wave songs,0,3,0%,59.67
rock steady music genre,0,3,0%,61
best west coast rap albums,0,3,0%,62
west coast rap style,0,3,0%,62.33
jazz vs funk,0,3,0%,62.67
louisiana blues music,0,3,0%,63.33
americana revival,0,3,0%,64
noisy pop,0,3,0%,64
jazz bebop,0,3,0%,65
rss feed format xml,0,3,0%,66
what is shoegaze music genre,0,3,0%,66
reggaeton music genre,0,3,0%,67
chamber pop songs,0,3,0%,68
bop jazz,0,3,0%,70.33
west hip hop,0,3,0%,71
is grunge a music genre,0,3,0%,71.67
swamp rocks,0,3,0%,72
the new americana,0,3,0%,74.33
what is alternative country music,0,3,0%,76.33
xml rss feeds,0,3,0%,77.67
avangard jazz,0,3,0%,78
type of hip hop music,0,3,0%,78
what is alternative music genre,0,3,0%,78.67
jazz n blues,0,3,0%,79.33
styles of jazz piano,0,3,0%,79.67
no wave movement,0,3,0%,82.67
ska genre,0,3,0%,82.67
alt hip hop songs,0,3,0%,85.67
jam band,0,3,0%,86
trap latin,0,3,0%,91
musica fusion jazz funk,0,3,0%,98.33
best cd,0,2,0%,1
east side and west side rappers,0,2,0%,1
latino cd,0,2,0%,1
old blues songs mp3 download 90s,0,2,0%,1
reggae music mp3 download,0,2,0%,1
best reggae music mp3 download,0,2,0%,1.5
reggae songs mp3 download,0,2,0%,2.5
playa vista bluff creek trail,0,2,0%,3
bluff creek,0,2,0%,4
play reggae music playlist,0,2,0%,4
peaceiris/actions-hugo@v2 inputs hugo-version,0,2,0%,4.5
drone folk music,0,2,0%,6.5
smoothie,0,2,0%,7
permanent wave genero,0,2,0%,7.5
"""2028 gic"" citrini or ""citrin research""",0,2,0%,8
beet mango smoothie,0,2,0%,8.5
steve yegge introducing beads coding agent memory system,0,2,0%,9
what is urbano latino,0,2,0%,9
"nelson freire brahms: 16 waltzes, op. 39 - 15. waltz in a flat",0,2,0%,9.5
amazon associates disclosure example,0,2,0%,11
internal.blog feed.xml,0,2,0%,11
british invasion music genre,0,2,0%,12
laboratorio music,0,2,0%,12
mango banana and beetroot smoothie,0,2,0%,12
bluff creek park,0,2,0%,12.5
adult standards music,0,2,0%,15.5
argentine music genres,0,2,0%,17
chamber pop examples,0,2,0%,20
jazz boom bap,0,2,0%,23.5
old school genre,0,2,0%,25
jazz shoegaze,0,2,0%,25.5
slacker rock definition,0,2,0%,26.5
uk post punk,0,2,0%,26.5
venezuela pop,0,2,0%,26.5
playa del rey basketball courts,0,2,0%,27
experimental genres,0,2,0%,29
victorian music genre,0,2,0%,29.5
what is swamp rock,0,2,0%,29.5
what is west side rap,0,2,0%,29.5
amazon affiliate disclaimer,0,2,0%,30.5
slacker pop,0,2,0%,32
slowcore genre,0,2,0%,32
uk post punk bands,0,2,0%,32.5
what is urbano latino music,0,2,0%,32.5
experimental pop music,0,2,0%,33
hypnogogic pop,0,2,0%,33
post disco artists,0,2,0%,33.5
how to use google font in tailwind,0,2,0%,34
rakim spotify,0,2,0%,34.5
british post punk bands,0,2,0%,36
vocal jazz rym,0,2,0%,36
is blues rock,0,2,0%,37.5
jazz fusio,0,2,0%,37.5
bud powell somebody loves me,0,2,0%,38.5
golden age hip hop,0,2,0%,38.5
swamp blues music,0,2,0%,38.5
jazz quartett,0,2,0%,41
what is psychedelic soul,0,2,0%,42
what is slowcore,0,2,0%,43.5
hard bop rym,0,2,0%,44.5
jazz fushion,0,2,0%,45
noise pop music,0,2,0%,46.5
charlie parker spotify,0,2,0%,47
jazz pop fusion,0,2,0%,47
west coast albums,0,2,0%,47
jazz fusion cd,0,2,0%,49.5
westcoast hip hop,0,2,0%,49.5
hardbop jazz,0,2,0%,50
mission to burma,0,2,0%,50
quiet storm genre,0,2,0%,51.5
what is album rock,0,2,0%,52
west rap,0,2,0%,52.5
music genre ska,0,2,0%,53
classic west coast rap,0,2,0%,53.5
bluff trail park at one westbluff,0,2,0%,54.5
bebop music genre,0,2,0%,55
bepob,0,2,0%,55
folk drone,0,2,0%,55
orchestra music genre,0,2,0%,55
instrumental funky music,0,2,0%,55.5
music style ska,0,2,0%,55.5
example rss feed xml,0,2,0%,56
hardcore hiphop,0,2,0%,56.5
east coast gangsta rap,0,2,0%,58
hebop,0,2,0%,58
freejazz,0,2,0%,59.5
shoegaze music genre,0,2,0%,61
grunge jazz,0,2,0%,61.5
alternative rock styles,0,2,0%,62
experimental rock band,0,2,0%,62
shoegaze subgenres,0,2,0%,63.5
microtonal,0,2,0%,64
east coast rap & hip-hop,0,2,0%,65
indie soul artists,0,2,0%,66
jazz post bop,0,2,0%,66
orchestra genres,0,2,0%,66
chamber pop meaning,0,2,0%,66.5
classicsoul.com,0,2,0%,66.5
jazz rap music,0,2,0%,67.5
music genre grunge,0,2,0%,67.5
is alternative rock a genre,0,2,0%,68
when was the golden age of hip hop,0,2,0%,69.5
bluffs park trail,0,2,0%,70
garage rock genre,0,2,0%,70.5
what is the alternative music genre,0,2,0%,70.5
alternative hip-hop/rap,0,2,0%,71
rss feed xml format,0,2,0%,72
soft rock albums,0,2,0%,73.5
british alternative rock band,0,2,0%,75.5
strawbridge,0,2,0%,75.5
rap music gangster,0,2,0%,76
new americana releases,0,2,0%,77
reggaeton musical,0,2,0%,77
what is soft rock called,0,2,0%,77
bluff cove trail,0,2,0%,77.5
is blues a subgenre of jazz,0,2,0%,77.5
what is considered soft rock,0,2,0%,77.5
alternative rock hip hop,0,2,0%,78
jazz n blues club,0,2,0%,79
jazz rap artists,0,2,0%,79.5
rss feed format example,0,2,0%,79.5
is alternative a music genre,0,2,0%,81
top jazz trio,0,2,0%,81
dancepunk,0,2,0%,83.5
feed xml,0,2,0%,84
mellow gold songs,0,2,0%,84.5
is funk a genre of jazz,0,2,0%,85.5
rap and jazz,0,2,0%,86.5
cool jazz style,0,2,0%,87
what is a jazz quartet,0,2,0%,87
what type of music is alternative,0,2,0%,87.5
xml rss,0,2,0%,88.5
bebop records,0,2,0%,89
gallois patrick,0,2,0%,90
the bluffs trailhead,0,2,0%,90.5
jazz techno music,0,2,0%,92
shoegazing genre,0,2,0%,93
chicago music style,0,2,0%,94.5
jazz with rap,0,2,0%,94.5
late romantic period,0,2,0%,96
latin trap genre,0,2,0%,98.5
affiliate marketing spotify,0,1,0%,1
altamor drive blf creek trail.closed.westchester status opening,0,1,0%,1
any good hiking trails near me,0,1,0%,1
best cds,0,1,0%,1
best hiking la,0,1,0%,1
best place for walking near me,0,1,0%,1
best roots reggae mix audio download,0,1,0%,1
bluff creek california,0,1,0%,1
cds for free,0,1,0%,1
classical music sound machine,0,1,0%,1
closest hiking trails near me,0,1,0%,1
crystal cove bluff trail,0,1,0%,1
download reggae songs,0,1,0%,1
east coast and west coast rappers,0,1,0%,1
free download music reggae full album mp3 download,0,1,0%,1
free jazz era,0,1,0%,1
funky songs download,0,1,0%,1
genre urbano latino,0,1,0%,1
german romanticism music,0,1,0%,1
gillian welch,0,1,0%,1
great hikes near me,0,1,0%,1
greg spero,0,1,0%,1
hikes near culver city,0,1,0%,1
hiking los angeles,0,1,0%,1
hiking near lax,0,1,0%,1
hiking near me,0,1,0%,1
hip hop old school mix mp3 download,0,1,0%,1
hip hop records,0,1,0%,1
kissin piano,0,1,0%,1
lubimov,0,1,0%,1
modern jazz rock,0,1,0%,1
nice walks near me,0,1,0%,1
pianiste alice sara ott,0,1,0%,1
post bop artists,0,1,0%,1
psychedelic punk,0,1,0%,1
quartet,0,1,0%,1
rapper west coast,0,1,0%,1
reggae,0,1,0%,1
reggae cds online,0,1,0%,1
reggae mix mp3 download,0,1,0%,1
reggae music download mp3,0,1,0%,1
roots reggae mix mp3 free download,0,1,0%,1
rss theme,0,1,0%,1
soft rock,0,1,0%,1
torch song genre,0,1,0%,1
trail to walk near me,0,1,0%,1
trails in los angeles,0,1,0%,1
west and east coast rappers,0,1,0%,1
west coast and east coast rappers,0,1,0%,1
west side and east side rappers,0,1,0%,1
100 soft rock songs,0,1,0%,2
best of country music cd,0,1,0%,2
best reggae mix,0,1,0%,2
bluff creek ranch,0,1,0%,2
chia,0,1,0%,2
examples of smoothies,0,1,0%,2
hiking trail near me,0,1,0%,2
no,0,1,0%,2
reggae dub mix mp3 download,0,1,0%,2
reggae songs mp3,0,1,0%,2
roots reggae mix mp3 download,0,1,0%,2
a good rap,0,1,0%,3
best reggae music playlist,0,1,0%,3
best reggae songs,0,1,0%,3
como se hace el smoothie,0,1,0%,3
country music oldies,0,1,0%,3
hip hop cds for sale,0,1,0%,3
old school songs,0,1,0%,3
rap songs,0,1,0%,3
reggae music download,0,1,0%,3
reggae music playlist,0,1,0%,3
similar artists,0,1,0%,3
soft rock band,0,1,0%,3
soft rock music playlist,0,1,0%,3
classic soft rock,0,1,0%,4
gastown beads,0,1,0%,4
how to cook golden beets,0,1,0%,4
lower trail,0,1,0%,4
oberrieder,0,1,0%,4
online rock music,0,1,0%,4
beck mellow gold,0,1,0%,5
golden beet recipes,0,1,0%,5
gas town agents,0,1,0%,6
upper trails,0,1,0%,6
bluff creek road,0,1,0%,7
where are the steps,0,1,0%,7
"""2028 gic"" citrini",0,1,0%,8
"""no soy eterno"" bizarrap milo j spotify",0,1,0%,8
milo j rara vez spotify track,0,1,0%,8
urbano music genre,0,1,0%,8
westchester trails,0,1,0%,8
.,0,1,0%,9
blues tradicional,0,1,0%,9
crank,0,1,0%,9
erick sermon spotify,0,1,0%,9
float house,0,1,0%,9
gbvfi genre,0,1,0%,9
laboratorio music genre,0,1,0%,9
spotify beastie boys,0,1,0%,9
what is adult standard music,0,1,0%,9
banana apple mango,0,1,0%,10
bizarrap genre,0,1,0%,10
bristol indie,0,1,0%,10
deltron 3030 spotify,0,1,0%,10
golden musikgenre,0,1,0%,10
how to best cook beets,0,1,0%,10
hypnagogic rap,0,1,0%,10
introducing beads a coding agent memory system steve yegge summary,0,1,0%,10
milo j bzrp music sessions vol. 57 spotify link,0,1,0%,10
pictures,0,1,0%,10
playa del rey bluffs,0,1,0%,10
recipe golden beets,0,1,0%,10
steve yegge introducing beads a coding agent memory system,0,1,0%,10
zolo music,0,1,0%,10
"""argentinian alt-rock"" ""dirty pop"" artist",0,1,0%,11
ecm style jazz,0,1,0%,11
golden beets recipe ideas,0,1,0%,11
golden beets recipes,0,1,0%,11
http://internal.blog/feed.xml,0,1,0%,11
hugo .param vs .params,0,1,0%,11
indie jazz bands,0,1,0%,11
jazzcore bands,0,1,0%,11
mellow genre,0,1,0%,11
music genres for outcasts misfits outsiders,0,1,0%,11
neoklassik genre,0,1,0%,11
new americana genre,0,1,0%,11
pop venezolano,0,1,0%,11
pov indie,0,1,0%,11
pov: indie,0,1,0%,11
psychedelic rap,0,1,0%,11
slaker rock,0,1,0%,11
steve yegge welcome to gas town summary,0,1,0%,11
apple mango banana juice,0,1,0%,12
contemporary country,0,1,0%,12
grunge genres,0,1,0%,12
grunge subgenres,0,1,0%,12
philadelphia to los angeles drive,0,1,0%,12
what is experimental pop music,0,1,0%,12
tailwind singer,0,1,0%,13
trumpet genres,0,1,0%,13
what is adult standards music,0,1,0%,13
スムージー 組み合わせ,0,1,0%,14
soft genre,0,1,0%,15
baird hersey,0,1,0%,16
cómo se prepara un smoothie,0,1,0%,16
recipes with golden beets,0,1,0%,16
spytrack,0,1,0%,16
"""blues rock"" ""alternative hip-hop"" album",0,1,0%,17
beastie boys licensed to ill spotify,0,1,0%,17
what is permanent wave genre,0,1,0%,17
hypnagogic pop music genre,0,1,0%,18
ska mexicano latest,0,1,0%,18
beetroot apple banana juice recipe,0,1,0%,19
beetroot apple banana drink recipe,0,1,0%,20
harmonica amazon,0,1,0%,20
new weird americana,0,1,0%,20
vocal jazz genre,0,1,0%,20
hiking trails los angeles,0,1,0%,21
indie jazz rock,0,1,0%,21
ballona wetlands trail,0,1,0%,22
mellow music genre,0,1,0%,22
chicago soul bands,0,1,0%,23
electric blues genre,0,1,0%,23
jazz guitar trio,0,1,0%,23
rss trio jazz,0,1,0%,23
what is trap latino,0,1,0%,23
avant guard jazz,0,1,0%,24
hyphe music,0,1,0%,25
lmu bluff,0,1,0%,25
amazon affiliate link disclosure,0,1,0%,26
instrumental funky,0,1,0%,26
sabotage beastie boys spotify,0,1,0%,26
ska musik,0,1,0%,26
southern hip hop subgenres,0,1,0%,26
classic soul memphis,0,1,0%,28
cool jazz rym,0,1,0%,28
gerry mulligan sextet,0,1,0%,28
slacker rock albums,0,1,0%,28
snoop's genre,0,1,0%,28
best slacker rock albums,0,1,0%,29
google font tailwind,0,1,0%,29
pop experimental,0,1,0%,29
post disco genre,0,1,0%,29
jazz fussion,0,1,0%,30
hip hop west coast,0,1,0%,32
rym cool jazz,0,1,0%,32
shwingalokate,0,1,0%,32
math rock microtonal,0,1,0%,33
post bebop,0,1,0%,33
jazz avant-garde,0,1,0%,34
southern hip hop,0,1,0%,34
abstract hip hop albums,0,1,0%,35
de la soul pass the plugs,0,1,0%,35
experimental music genre,0,1,0%,35
microtonal jazz,0,1,0%,35
soul indie,0,1,0%,35
bepbop,0,1,0%,36
eastern rap,0,1,0%,36
micro house genre,0,1,0%,37
papermod,0,1,0%,37
late romantic period music,0,1,0%,38
swamp rock music,0,1,0%,38
art punk artists,0,1,0%,39
bluff views,0,1,0%,39
folk drone supplier,0,1,0%,39
modern jazz fusion,0,1,0%,39
quartet jazz,0,1,0%,39
soul indie music,0,1,0%,39
spotify soft rock,0,1,0%,40
hip hop hardcore,0,1,0%,41
hip hop music musical genre,0,1,0%,41
ska music genre,0,1,0%,41
soul-jazz,0,1,0%,41
strawbridge online code,0,1,0%,41
what is hardcore hip hop,0,1,0%,41
ali farka tourã© ai du,0,1,0%,42
chicago soul music,0,1,0%,42
west coast hip hop rym,0,1,0%,42
what is swamp blues,0,1,0%,42
beastie boys ill communication spotify,0,1,0%,43
bebeop,0,1,0%,43
bop genre,0,1,0%,43
indie rock genre,0,1,0%,43
west cost rap,0,1,0%,43
bebobop,0,1,0%,44
hiphop golden age,0,1,0%,44
jazz grunge,0,1,0%,44
what is east coast hip hop,0,1,0%,44
cali music rap,0,1,0%,45
jazz rap albums,0,1,0%,45
lo fi genres,0,1,0%,45
peaceiris/actions-hugo@v3,0,1,0%,45
what is jazz funk music,0,1,0%,45
experimental hardcore,0,1,0%,46
hard core hip hop,0,1,0%,46
mutherfucker beck,0,1,0%,46
what is contemporary country,0,1,0%,46
what is experimental noise rock,0,1,0%,46
what is southern rap,0,1,0%,46
colin strawbridge,0,1,0%,47
jazz quartet music,0,1,0%,47
lo fi grunge,0,1,0%,47
post bop albums,0,1,0%,47
psychedelic soul albums,0,1,0%,47
shoegaze hip hop,0,1,0%,47
ska musikstil,0,1,0%,47
anti folk artists,0,1,0%,48
antifolk music,0,1,0%,48
bboy storm age,0,1,0%,48
british alternative rock,0,1,0%,48
genre of music ska,0,1,0%,48
hypogenic pop,0,1,0%,48
indie soul music artists,0,1,0%,48
late romantic era music,0,1,0%,48
math genre,0,1,0%,48
what is contemporary country music,0,1,0%,48
acid raindrops instrumental,0,1,0%,49
album jazz funk,0,1,0%,49
althea & donna,0,1,0%,49
cali rap songs,0,1,0%,49
free form jazz music,0,1,0%,49
genres similar to grunge,0,1,0%,49
jazz trio songs,0,1,0%,49
no wave art,0,1,0%,49
post punk grunge,0,1,0%,49
root rock,0,1,0%,49
what is dance punk,0,1,0%,49
what is ska punk,0,1,0%,49
what type of music is shoegaze,0,1,0%,49
pop chamber,0,1,0%,50
post bop jazz artists,0,1,0%,50
psychedelic soul bands,0,1,0%,50
strawbridges,0,1,0%,50
what is anti-folk music,0,1,0%,50
what is east coast rap,0,1,0%,50
what is post bop jazz,0,1,0%,50
jam band genre,0,1,0%,52
jazzfusion,0,1,0%,52
souljazz,0,1,0%,52
swamp blues rock,0,1,0%,52
british alt rock,0,1,0%,53
folk tronica,0,1,0%,53
jrawls,0,1,0%,53
late romantic music,0,1,0%,53
nashville singer songwriter,0,1,0%,53
cool jaz,0,1,0%,54
is soul jazz,0,1,0%,54
math rock,0,1,0%,54
new americana bands,0,1,0%,54
american folk revival,0,1,0%,55
best east coast rap albums,0,1,0%,55
jam bands,0,1,0%,55
what is alternative rap,0,1,0%,55
xml rss feed example,0,1,0%,55
artpunk,0,1,0%,58